SEA,KOA,1304616000000,1305266760000,562.7,1300656278846
SEA,KOA,1304616000000,1305266760000,562.7,1300656278846
SEA,KOA,1304609100000,1305303900000,564.97,1300656278846
SEA,KOA,1304609100000,1305303900000,564.97,1300656278846
SEA,KOA,1304609100000,1305276300000,564.97,1300656278846
SEA,KOA,1304609100000,1305276300000,564.97,1300656278846
SEA,KOA,1304604000000,1305303900000,564.97,1300656278846
SEA,KOA,1304604000000,1305303900000,564.97,1300656278846
SEA,KOA,1304625360000,1305303900000,564.97,1300656278846
SEA,KOA,1304625360000,1305303900000,564.97,1300656278846
SEA,KOA,1304609100000,1305303900000,568.67,1300656278846
SEA,KOA,1304620500000,1305264300000,572.0,1300656278846
SEA,KOA,1304616000000,1305264300000,572.0,1300656278846
SEA,KOA,1304616000000,1305264300000,572.0,1300656278846
SEA,KOA,1304616000000,1305264300000,572.0,1300656278846
SEA,KOA,1304608500000,1305305580000,581.93,1300656278846
SEA,KOA,1304604300000,1305266760000,585.9,1300656278846
SEA,KOA,1304604300000,1305266760000,585.9,1300656278846
SEA,KOA,1304613600000,1305305580000,590.5,1300656278846
SEA,KOA,1304611200000,1305305580000,597.21,1300656278846
SEA,KOA,1304604300000,1305264300000,597.7,1300656278846
SEA,KOA,1304604300000,1305264300000,597.7,1300656278846
SEA,KOA,1304615100000,1305266760000,597.7,1300656278846
SEA,KOA,1304615100000,1305266760000,597.7,1300656278846
SEA,KOA,1304615100000,1305264300000,607.0,1300656278846
SEA,KOA,1304615100000,1305264300000,607.0,1300656278846
SEA,KOA,1304613600000,1305266760000,610.5,1300656278846
SEA,KOA,1304604300000,1305305580000,614.9,1300656278846
SEA,KOA,1304613600000,1305264300000,619.8,1300656278846
SEA,KOA,1304620500000,1305267600000,620.7,1300656278846
SEA,KOA,1304616000000,1305267600000,620.7,1300656278846
SEA,KOA,1304616000000,1305267600000,620.7,1300656278846
SEA,KOA,1304616000000,1305267600000,620.7,1300656278846
SEA,KOA,1304620500000,1305272100000,624.4,1300656278846
SEA,KOA,1304620500000,1305272100000,624.4,1300656278846
SEA,KOA,1304620500000,1305267600000,624.4,1300656278846
SEA,KOA,1304620500000,1305272100000,624.4,1300656278846
SEA,KOA,1304616000000,1305272100000,624.4,1300656278846
SEA,KOA,1304616000000,1305272100000,624.4,1300656278846
SEA,KOA,1304616000000,1305272100000,624.4,1300656278846
SEA,KOA,1304604900000,1305272100000,624.9,1300656278846
SEA,KOA,1304604900000,1305272100000,624.9,1300656278846
SEA,KOA,1304604900000,1305267600000,624.9,1300656278846
SEA,KOA,1304620500000,1305296640000,627.2,1300656278846
SEA,KOA,1304616000000,1305296640000,627.2,1300656278846
SEA,KOA,1304616000000,1305296640000,627.2,1300656278846
SEA,KOA,1304616000000,1305296640000,627.2,1300656278846
SEA,KOA,1304620500000,1305296640000,627.2,1300656278846
SEA,KOA,1304616000000,1305296640000,627.2,1300656278846
SEA,KOA,1304616000000,1305296640000,627.2,1300656278846
SEA,KOA,1304616000000,1305296640000,627.2,1300656278846
SEA,KOA,1304620500000,1305296640000,627.2,1300656278846
SEA,KOA,1304616000000,1305296640000,627.2,1300656278846
SEA,KOA,1304616000000,1305296640000,627.2,1300656278846
SEA,KOA,1304616000000,1305296640000,627.2,1300656278846
SEA,KOA,1304620500000,1305279480000,628.9,1300656278846
SEA,KOA,1304616000000,1305279480000,628.9,1300656278846
SEA,KOA,1304616000000,1305279480000,628.9,1300656278846
SEA,KOA,1304616000000,1305279480000,628.9,1300656278846
SEA,KOA,1304620500000,1305266280000,629.2,1300656278846
SEA,KOA,1304616000000,1305266280000,629.2,1300656278846
SEA,KOA,1304616000000,1305266280000,629.2,1300656278846
SEA,KOA,1304616000000,1305266280000,629.2,1300656278846
SEA,KOA,1304620500000,1305266280000,629.2,1300656278846
SEA,KOA,1304616000000,1305266280000,629.2,1300656278846
SEA,KOA,1304620500000,1305272100000,624.4,1300656278846
SEA,IBZ,1302448200000,1303792200000,869.7,1300033731141
SEA,IBZ,1302454500000,1303792200000,869.7,1300033731141
SEA,IBZ,1302473700000,1303792200000,884.4,1300033731141
SEA,IBZ,1302473700000,1303792200000,884.4,1300033731141
SEA,IBZ,1302473700000,1303792200000,884.4,1300033731141
SEA,IBZ,1302473700000,1303792200000,885.6,1300033731141
SEA,IBZ,1302473700000,1303792200000,885.6,1300033731141
SEA,IBZ,1302472200000,1303792200000,887.5,1300033731141
SEA,IBZ,1302472200000,1303792200000,887.5,1300033731141
SEA,IBZ,1302448200000,1303792200000,1087.7,1300033731141
SEA,IBZ,1302448200000,1303792200000,1087.7,1300033731141
SEA,IBZ,1302472800000,1303789740000,1207.5,1300033731141
SEA,IBZ,1302472800000,1303789740000,1208.7,1300033731141
SEA,IBZ,1302472800000,1303789740000,1208.7,1300033731141
SEA,IBZ,1302472800000,1303789740000,1225.7,1300033731141
SEA,IBZ,1302472800000,1303789740000,1226.9,1300033731141
SEA,IBZ,1302472800000,1303789740000,1226.9,1300033731141
SEA,IBZ,1302472800000,1303789740000,1226.9,1300033731141
SEA,IBZ,1302472800000,1303789740000,1226.9,1300033731141
SEA,IBZ,1302472800000,1303789740000,1228.4,1300033731141
SEA,IBZ,1302472800000,1303789740000,1229.6,1300033731141
SEA,IBZ,1302472800000,1303789740000,1229.6,1300033731141
SEA,IBZ,1302472800000,1303789740000,1229.6,1300033731141
SEA,IBZ,1302472800000,1303789740000,1230.8,1300033731141
SEA,IBZ,1302472800000,1303789740000,1230.8,1300033731141
SEA,IBZ,1302448200000,1303760700000,1234.1,1300033731141
SEA,IBZ,1302454500000,1303760700000,1234.1,1300033731141
SEA,IBZ,1302472800000,1303789740000,1246.6,1300033731141
SEA,IBZ,1302472800000,1303789740000,1247.8,1300033731141
SEA,IBZ,1302472800000,1303789740000,1247.8,1300033731141
SEA,IBZ,1302472800000,1303789740000,1247.8,1300033731141
SEA,IBZ,1302472800000,1303789740000,1247.8,1300033731141
SEA,IBZ,1302472800000,1303789740000,1247.8,1300033731141
SEA,IBZ,1302473700000,1303760700000,1248.8,1300033731141
SEA,IBZ,1302473700000,1303760700000,1248.8,1300033731141
SEA,IBZ,1302473700000,1303760700000,1248.8,1300033731141
SEA,IBZ,1302472800000,1303789740000,1249.0,1300033731141
SEA,IBZ,1302472800000,1303789740000,1249.0,1300033731141
SEA,IBZ,1302472800000,1303789740000,1249.0,1300033731141
SEA,IBZ,1302472800000,1303789740000,1249.0,1300033731141
SEA,IBZ,1302473700000,1303760700000,1250.0,1300033731141
SEA,IBZ,1302473700000,1303760700000,1250.0,1300033731141
SEA,IBZ,1302448200000,1303806120000,1251.7,1300033731141
SEA,IBZ,1302454500000,1303806120000,1251.7,1300033731141
SEA,IBZ,1302472200000,1303760700000,1251.9,1300033731141
SEA,IBZ,1302472200000,1303760700000,1251.9,1300033731141
SEA,IBZ,1302473700000,1303806120000,1266.4,1300033731141
SEA,IBZ,1302473700000,1303806120000,1266.4,1300033731141
SEA,IBZ,1302473700000,1303806120000,1266.4,1300033731141
SEA,IBZ,1302472800000,1303794240000,1267.5,1300033731141
SEA,IBZ,1302473700000,1303806120000,1267.6,1300033731141
SEA,IBZ,1302473700000,1303806120000,1267.6,1300033731141
SEA,IBZ,1302472800000,1303794240000,1268.7,1300033731141
SEA,IBZ,1302472800000,1303794240000,1268.7,1300033731141
SEA,IBZ,1302472200000,1303806120000,1269.5,1300033731141
SEA,IBZ,1302472200000,1303806120000,1269.5,1300033731141
SEA,IBZ,1302472800000,1303794240000,1285.7,1300033731141
SEA,IBZ,1302472800000,1303794240000,1286.9,1300033731141
SEA,IBZ,1302472800000,1303794240000,1286.9,1300033731141
SEA,IBZ,1302472800000,1303794240000,1286.9,1300033731141
SEA,IBZ,1302472800000,1303794240000,1286.9,1300033731141
SEA,IBZ,1302453900000,1303785540000,1412.9,1300033731141
SEA,IBZ,1302448200000,1303760700000,1452.1,1300033731141
SEA,IBZ,1302448200000,1303760700000,1452.1,1300033731141
SEA,IBZ,1302472800000,1303789740000,1453.7,1300033731141
SEA,IBZ,1302448200000,1303806120000,1469.7,1300033731141
SEA,IBZ,1302448200000,1303806120000,1469.7,1300033731141
SEA,IBZ,1302472800000,1303789740000,1474.6,1300033731141
SEA,IBZ,1302472800000,1303789740000,1475.8,1300033731141
SEA,IBZ,1302472800000,1303794240000,1513.7,1300033731141
SEA,IBZ,1302448200000,1303760700000,2135.3,1300033731141
SEA,IBZ,1302454500000,1303760700000,2135.3,1300033731141
SEA,IBZ,1302473700000,1303760700000,2150.0,1300033731141
SEA,IBZ,1302473700000,1303760700000,2150.0,1300033731141
SEA,IBZ,1302473700000,1303760700000,2150.0,1300033731141
SEA,IBZ,1302473700000,1303760700000,2151.2,1300033731141
SEA,IBZ,1302473700000,1303760700000,2151.2,1300033731141
SEA,IBZ,1302472200000,1303760700000,2153.1,1300033731141
SEA,IBZ,1302472200000,1303760700000,2153.1,1300033731141
SEA,IBZ,1302448200000,1303760700000,2353.3,1300033731141
SEA,IBZ,1302448200000,1303760700000,2353.3,1300033731141
SEA,IBZ,1302448200000,1303793880000,2778.9,1300033731141
SEA,IBZ,1302454500000,1303793880000,2778.9,1300033731141
SEA,IBZ,1302473700000,1303793880000,2793.6,1300033731141
SEA,IBZ,1302473700000,1303793880000,2793.6,1300033731141
SEA,IBZ,1302473700000,1303793880000,2793.6,1300033731141
SEA,IBZ,1302473700000,1303793880000,2794.8,1300033731141
SEA,IBZ,1302473700000,1303793880000,2794.8,1300033731141
SEA,IBZ,1302489900000,1303692000000,3415.5,1300033731141
SEA,IBZ,1302489900000,1303692000000,3415.5,1300033731141
SEA,IBZ,1302489900000,1303692000000,3415.5,1300033731141
SEA,IBZ,1302489900000,1303692000000,3533.5,1300033731141
SEA,IBZ,1302489900000,1303692000000,3533.5,1300033731141
SEA,IBZ,1302489900000,1303692000000,3533.5,1300033731141
SEA,IBZ,1302444000000,1303692000000,3560.0,1300033731141
SEA,IBZ,1302489900000,1303692000000,3579.5,1300033731141
SEA,IBZ,1302489900000,1303692000000,3579.5,1300033731141
SEA,IBZ,1302489900000,1303692000000,3579.5,1300033731141
SEA,IBZ,1302489900000,1303692000000,3579.5,1300033731141
SEA,SVQ,1300375860000,1300740000000,1484.7,1299976911406
SEA,SVQ,1300375860000,1300740000000,1514.7,1299976911406
SEA,SVQ,1300372200000,1300768800000,1661.2,1299976911406
SEA,SVQ,1300398900000,1300768800000,2507.9,1299976911406
SEA,SVQ,1300375860000,1300685820000,3927.9,1299976911406
SEA,SVQ,1300401900000,1300768800000,4246.5,1299976911406
SEA,SVQ,1300419300000,1300669800000,4317.3,1299976911406
SEA,SVQ,1300419300000,1300669800000,4353.3,1299976911406
SEA,SVQ,1300419300000,1300768800000,4822.4,1299976911406
SEA,SVQ,1300419300000,1300768800000,4822.4,1299976911406
SEA,SVQ,1300419300000,1300768800000,4873.4,1299976911406
SEA,SVQ,1300372200000,1300685820000,4974.0,1299976911406
SEA,SVQ,1300372200000,1300740000000,5004.8,1299976911406
SEA,SVQ,1300372200000,1300740000000,5004.8,1299976911406
SEA,SVQ,1300375860000,1300768800000,5009.1,1299976911406
SEA,SVQ,1300419300000,1300669800000,5078.3,1299976911406
SEA,SVQ,1300419300000,1300669800000,5078.3,1299976911406
SEA,SVQ,1300419300000,1300669800000,5129.3,1299976911406
SEA,SVQ,1300398900000,1300685820000,5250.7,1299976911406
SEA,SVQ,1300398900000,1300740000000,5281.5,1299976911406
SEA,SVQ,1300398900000,1300740000000,5281.5,1299976911406
SEA,SVQ,1300401900000,1300685820000,5348.3,1299976911406
SEA,SVQ,1300401900000,1300740000000,5450.1,1299976911406
SEA,SVQ,1300401900000,1300740000000,5450.1,1299976911406
SEA,SVQ,1300419300000,1300685820000,5923.2,1299976911406
SEA,SVQ,1300419300000,1300685820000,5923.2,1299976911406
SEA,SVQ,1300419300000,1300685820000,5974.2,1299976911406
SEA,SVQ,1300419300000,1300740000000,6059.0,1299976911406
SEA,SVQ,1300419300000,1300740000000,6059.0,1299976911406
SEA,SVQ,1300419300000,1300740000000,6059.0,1299976911406
SEA,SVQ,1300419300000,1300740000000,6059.0,1299976911406
SEA,SVQ,1300419300000,1300740000000,6110.0,1299976911406
SEA,SVQ,1300419300000,1300740000000,6110.0,1299976911406
SEA,SVQ,1300372200000,1300669800000,6257.1,1299976911406
SEA,SVQ,1300398900000,1300669800000,6472.8,1299976911406
SEA,SVQ,1300401900000,1300669800000,6483.4,1299976911406
SEA,SVQ,1300375860000,1300669800000,7279.0,1299976911406
SEA,SVQ,1300419300000,1300768800000,8069.4,1299976911406
SEA,SVQ,1300419300000,1300768800000,8105.4,1299976911406
SEA,SVQ,1300419300000,1300685820000,8750.2,1299976911406
SEA,SVQ,1300419300000,1300685820000,8786.2,1299976911406
SEA,SVQ,1300419300000,1300740000000,8886.0,1299976911406
SEA,SVQ,1300419300000,1300740000000,8886.0,1299976911406
SEA,SVQ,1300419300000,1300740000000,8914.6,1299976911406
SEA,SVQ,1300419300000,1300740000000,8914.6,1299976911406
SEA,KOA,1304522100000,1305823980000,444.9,1300654744688
SEA,KOA,1304520600000,1305823980000,501.2,1300654744688
SEA,KOA,1304534100000,1305790500000,514.7,1300654744688
SEA,KOA,1304534100000,1305790500000,514.7,1300654744688
SEA,KOA,1304534100000,1305823980000,518.7,1300654744688
SEA,KOA,1304529600000,1305790500000,534.7,1300654744688
SEA,KOA,1304529600000,1305790500000,534.7,1300654744688
SEA,KOA,1304529600000,1305790500000,534.7,1300654744688
SEA,KOA,1304529600000,1305790500000,534.7,1300654744688
SEA,KOA,1304529600000,1305790500000,534.7,1300654744688
SEA,KOA,1304529600000,1305790500000,534.7,1300654744688
SEA,KOA,1304534100000,1305786000000,542.2,1300654744688
SEA,KOA,1304529600000,1305823980000,542.7,1300654744688
SEA,KOA,1304529600000,1305823980000,542.7,1300654744688
SEA,KOA,1304529600000,1305823980000,542.7,1300654744688
SEA,KOA,1304524800000,1305823980000,558.23,1300654744688
SEA,KOA,1304517600000,1305822300000,561.27,1300654744688
SEA,KOA,1304517600000,1305822300000,561.27,1300654744688
SEA,KOA,1304538960000,1305822300000,561.27,1300654744688
SEA,KOA,1304538960000,1305822300000,561.27,1300654744688
SEA,KOA,1304517600000,1305822300000,561.27,1300654744688
SEA,KOA,1304517600000,1305822300000,561.27,1300654744688
SEA,KOA,1304538960000,1305822300000,561.27,1300654744688
SEA,KOA,1304538960000,1305822300000,561.27,1300654744688
SEA,KOA,1304517600000,1305794640000,561.27,1300654744688
SEA,KOA,1304517600000,1305794640000,561.27,1300654744688
SEA,KOA,1304538960000,1305794640000,561.27,1300654744688
SEA,KOA,1304538960000,1305794640000,561.27,1300654744688
SEA,KOA,1304517600000,1305794640000,561.27,1300654744688
SEA,KOA,1304517600000,1305794640000,561.27,1300654744688
SEA,KOA,1304538960000,1305794640000,561.27,1300654744688
SEA,KOA,1304538960000,1305794640000,561.27,1300654744688
SEA,KOA,1304522100000,1305815040000,561.41,1300654744688
SEA,KOA,1304529600000,1305786000000,562.2,1300654744688
SEA,KOA,1304529600000,1305786000000,562.2,1300654744688
SEA,KOA,1304529600000,1305786000000,562.2,1300654744688
SEA,KOA,1304522100000,1305831180000,563.6,1300654744688
SEA,KOA,1304522100000,1305831180000,563.6,1300654744688
SEA,KOA,1304522100000,1305832800000,563.6,1300654744688
SEA,KOA,1304517600000,1305822300000,564.97,1300654744688
SEA,KOA,1304517600000,1305822300000,564.97,1300654744688
SEA,KOA,1304522700000,1305822300000,564.97,1300654744688
SEA,KOA,1304517600000,1305822300000,564.97,1300654744688
SEA,KOA,1304517600000,1305822300000,564.97,1300654744688
SEA,KOA,1304522700000,1305822300000,564.97,1300654744688
SEA,KOA,1304517600000,1305794640000,564.97,1300654744688
SEA,KOA,1304517600000,1305794640000,564.97,1300654744688
SEA,KOA,1304522700000,1305794640000,564.97,1300654744688
SEA,KOA,1304517600000,1305794640000,564.97,1300654744688
SEA,KOA,1304517600000,1305794640000,564.97,1300654744688
SEA,KOA,1304522700000,1305794640000,564.97,1300654744688
SEA,KOA,1304522100000,1305790500000,573.4,1300654744688
SEA,KOA,1304522100000,1305790500000,573.4,1300654744688
SEA,KOA,1304518500000,1305790500000,580.9,1300654744688
SEA,KOA,1304518500000,1305790500000,580.9,1300654744688
SEA,KOA,1304522100000,1305786000000,584.6,1300654744688
SEA,KOA,1304522100000,1305786000000,584.6,1300654744688
SEA,KOA,1304520600000,1305815040000,585.7,1300654744688
SEA,KOA,1304520600000,1305790500000,589.7,1300654744688
SEA,KOA,1304520600000,1305790500000,589.7,1300654744688
SEA,KOA,1304527200000,1305823980000,590.5,1300654744688
SEA,KOA,1304520600000,1305786000000,600.9,1300654744688
SEA,KOA,1304520600000,1305786000000,600.9,1300654744688
SEA,KOA,1304522100000,1305823500000,602.9,1300654744688
SEA,KOA,1304534100000,1305815040000,603.2,1300654744688
SEA,KOA,1304526600000,1305823980000,603.85,1300654744688
SEA,KOA,1304524800000,1305823980000,603.85,1300654744688
SEA,KOA,1304523000000,1305823980000,603.85,1300654744688
SEA,KOA,1304534100000,1305790500000,604.4,1300654744688
SEA,KOA,1304534100000,1305790500000,604.4,1300654744688
SEA,KOA,1304522100000,1305786000000,606.4,1300654744688
SEA,KOA,1304534100000,1305823980000,608.4,1300654744688
SEA,KOA,1304518500000,1305786000000,608.4,1300654744688
SEA,KOA,1304524800000,1305823980000,614.91,1300654744688
SEA,KOA,1304523000000,1305823980000,614.91,1300654744688
SEA,KOA,1304521200000,1305823980000,614.91,1300654744688
SEA,KOA,1304534100000,1305786000000,618.4,1300654744688
SEA,KOA,1304534100000,1305786000000,618.4,1300654744688
SEA,KOA,1304520600000,1305823500000,619.2,1300654744688
SEA,KOA,1304520600000,1305786000000,622.7,1300654744688
SEA,KOA,1304529600000,1305815040000,627.2,1300654744688
SEA,KOA,1304529600000,1305815040000,627.2,1300654744688
SEA,KOA,1304529600000,1305815040000,627.2,1300654744688
SEA,KOA,1304522100000,1305844500000,627.69,1300654744688
SEA,KOA,1304534100000,1305786000000,628.2,1300654744688
SEA,KOA,1304534100000,1305790500000,628.41,1300654744688
SEA,KOA,1304522100000,1305815040000,628.93,1300654744688
SEA,KOA,1304534100000,1305786000000,631.9,1300654744688
SEA,KOA,1304530320000,1305822300000,632.7,1300654744688
SEA,KOA,1304530320000,1305822300000,632.7,1300654744688
SEA,KOA,1304530320000,1305794640000,632.7,1300654744688
SEA,KOA,1304530320000,1305794640000,632.7,1300654744688
SEA,KOA,1304522100000,1305786000000,634.6,1300654744688
SEA,KOA,1304520600000,1305831180000,634.91,1300654744688
SEA,KOA,1304520600000,1305831180000,634.91,1300654744688
SEA,KOA,1304520600000,1305832800000,634.91,1300654744688
SEA,KOA,1304534100000,1305823500000,636.7,1300654744688
SEA,KOA,1304529600000,1305786000000,642.4,1300654744688
SEA,KOA,1304529600000,1305786000000,642.4,1300654744688
SEA,MAD,1303768800000,1304449500000,954.0,1299491798595
SEA,MAD,1303766100000,1304408400000,1014.2,1299491798595
SEA,MAD,1303766100000,1304401380000,1014.2,1299491798595
SEA,MAD,1303749900000,1304398680000,1031.9,1299491798595
SEA,MAD,1303749900000,1304407560000,1038.9,1299491798595
SEA,MAD,1303749900000,1304405700000,1038.9,1299491798595
SEA,MAD,1303749900000,1304405700000,1038.9,1299491798595
SEA,MAD,1303749900000,1304407560000,1038.9,1299491798595
SEA,MAD,1303785900000,1304383200000,1054.9,1299491798595
SEA,MAD,1303766100000,1304452200000,1066.0,1299491798595
SEA,MAD,1303766100000,1304452200000,1066.0,1299491798595
SEA,MAD,1303740600000,1304401380000,1098.9,1299491798595
SEA,MAD,1303785900000,1304387100000,1168.7,1299491798595
SEA,MAD,1303745700000,1304405160000,1175.9,1299491798595
SEA,MAD,1303766100000,1304397600000,1183.2,1299491798595
SEA,MAD,1303769700000,1304365500000,1202.0,1299491798595
SEA,MAD,1303766100000,1304409960000,1210.2,1299491798595
SEA,MAD,1303766100000,1304401380000,1210.2,1299491798595
SEA,MAD,1303766100000,1304365500000,1219.8,1299491798595
SEA,KOA,1303410900000,1303716900000,674.7,1300477427942
SEA,KOA,1303410900000,1303716900000,674.7,1300477427942
SEA,KOA,1303410900000,1303711560000,682.71,1300477427942
SEA,KOA,1303406400000,1303716900000,697.2,1300477427942
SEA,KOA,1303406400000,1303716900000,697.2,1300477427942
SEA,KOA,1303406400000,1303716900000,697.2,1300477427942
SEA,KOA,1303406400000,1303716900000,697.2,1300477427942
SEA,KOA,1303406400000,1303716900000,697.2,1300477427942
SEA,KOA,1303406400000,1303716900000,697.2,1300477427942
SEA,KOA,1303406400000,1303716900000,697.2,1300477427942
SEA,KOA,1303406400000,1303716900000,697.2,1300477427942
SEA,KOA,1303406400000,1303711560000,709.71,1300477427942
SEA,KOA,1303406400000,1303711560000,709.71,1300477427942
SEA,KOA,1303406400000,1303711560000,709.71,1300477427942
SEA,KOA,1303406400000,1303711560000,709.71,1300477427942
SEA,KOA,1303410900000,1303742040000,744.2,1300477427942
SEA,KOA,1303410900000,1303742040000,744.2,1300477427942
SEA,KOA,1303410900000,1303716900000,759.4,1300477427942
SEA,KOA,1303410900000,1303716900000,759.4,1300477427942
SEA,KOA,1303410900000,1303716900000,759.4,1300477427942
SEA,KOA,1303410900000,1303716900000,759.4,1300477427942
SEA,KOA,1303410900000,1303716900000,759.4,1300477427942
SEA,KOA,1303410900000,1303716900000,759.4,1300477427942
SEA,KOA,1303410900000,1303716900000,759.4,1300477427942
SEA,KOA,1303410900000,1303716900000,759.4,1300477427942
SEA,KOA,1303410900000,1303711560000,767.41,1300477427942
SEA,KOA,1303410900000,1303711560000,767.41,1300477427942
SEA,KOA,1303410900000,1303711560000,767.41,1300477427942
SEA,KOA,1303410900000,1303711560000,767.41,1300477427942
SEA,KOA,1303406400000,1303742040000,771.2,1300477427942
SEA,KOA,1303406400000,1303742040000,771.2,1300477427942
SEA,KOA,1303406400000,1303742040000,771.2,1300477427942
SEA,KOA,1303406400000,1303742040000,771.2,1300477427942
SEA,KOA,1303406400000,1303742040000,771.2,1300477427942
SEA,KOA,1303406400000,1303742040000,771.2,1300477427942
SEA,KOA,1303406400000,1303742040000,771.2,1300477427942
SEA,KOA,1303406400000,1303742040000,771.2,1300477427942
SEA,KOA,1303410900000,1303716900000,783.4,1300477427942
SEA,KOA,1303410900000,1303716900000,783.4,1300477427942
SEA,KOA,1303410900000,1303716900000,783.4,1300477427942
SEA,KOA,1303410900000,1303716900000,783.4,1300477427942
SEA,KOA,1303410900000,1303716900000,783.4,1300477427942
SEA,KOA,1303410900000,1303711560000,791.41,1300477427942
SEA,KOA,1303410900000,1303711560000,791.41,1300477427942
SEA,KOA,1303406400000,1303716900000,805.9,1300477427942
SEA,KOA,1303406400000,1303716900000,805.9,1300477427942
SEA,KOA,1303406400000,1303716900000,805.9,1300477427942
SEA,KOA,1303406400000,1303716900000,805.9,1300477427942
SEA,KOA,1303395300000,1303716900000,810.91,1300477427942
SEA,KOA,1303395300000,1303716900000,810.91,1300477427942
SEA,KOA,1303394400000,1303716900000,817.9,1300477427942
SEA,KOA,1303394400000,1303716900000,817.9,1300477427942
SEA,KOA,1303402500000,1303716900000,817.9,1300477427942
SEA,KOA,1303402500000,1303716900000,817.9,1300477427942
SEA,KOA,1303402500000,1303716900000,817.9,1300477427942
SEA,KOA,1303402500000,1303716900000,817.9,1300477427942
SEA,KOA,1303402500000,1303716900000,817.9,1300477427942
SEA,KOA,1303402500000,1303716900000,817.9,1300477427942
SEA,KOA,1303401600000,1303716900000,817.9,1300477427942
SEA,KOA,1303399800000,1303716900000,817.9,1300477427942
SEA,KOA,1303398000000,1303716900000,817.9,1300477427942
SEA,KOA,1303394400000,1303716900000,817.9,1300477427942
SEA,KOA,1303394400000,1303716900000,817.9,1300477427942
SEA,KOA,1303402500000,1303716900000,817.9,1300477427942
SEA,KOA,1303402500000,1303716900000,817.9,1300477427942
SEA,KOA,1303402500000,1303716900000,817.9,1300477427942
SEA,KOA,1303402500000,1303716900000,817.9,1300477427942
SEA,KOA,1303402500000,1303716900000,817.9,1300477427942
SEA,KOA,1303402500000,1303716900000,817.9,1300477427942
SEA,KOA,1303401600000,1303716900000,817.9,1300477427942
SEA,KOA,1303399800000,1303716900000,817.9,1300477427942
SEA,KOA,1303398000000,1303716900000,817.9,1300477427942
SEA,KOA,1303395300000,1303711560000,825.91,1300477427942
SEA,KOA,1303410900000,1303742040000,828.9,1300477427942
SEA,KOA,1303410900000,1303742040000,828.9,1300477427942
SEA,KOA,1303410900000,1303742040000,828.9,1300477427942
SEA,KOA,1303410900000,1303742040000,828.9,1300477427942
SEA,KOA,1303410900000,1303742040000,828.9,1300477427942
SEA,KOA,1303410900000,1303742040000,828.9,1300477427942
SEA,KOA,1303410900000,1303742040000,828.9,1300477427942
SEA,KOA,1303410900000,1303742040000,828.9,1300477427942
SEA,KOA,1303394400000,1303711560000,838.91,1300477427942
SEA,KOA,1303394400000,1303711560000,838.91,1300477427942
SEA,KOA,1303402500000,1303711560000,838.91,1300477427942
SEA,KOA,1303402500000,1303711560000,838.91,1300477427942
SEA,KOA,1303402500000,1303711560000,838.91,1300477427942
SEA,KOA,1303402500000,1303711560000,838.91,1300477427942
SEA,KOA,1303402500000,1303711560000,838.91,1300477427942
SEA,KOA,1303402500000,1303711560000,838.91,1300477427942
SEA,KOA,1303401600000,1303711560000,838.91,1300477427942
SEA,KOA,1303399800000,1303711560000,838.91,1300477427942
SEA,KOA,1303398000000,1303711560000,838.91,1300477427942
SEA,KOA,1303404000000,1303711560000,842.5,1300477427942
SEA,KOA,1303410900000,1303742040000,852.9,1300477427942
SEA,KOA,1303410900000,1303742040000,852.9,1300477427942
SEA,KOA,1303410900000,1303742040000,852.9,1300477427942
SEA,KOA,1303410900000,1303742040000,852.9,1300477427942
SEA,KOA,1303403400000,1303711560000,860.91,1300477427942
SEA,KOA,1303401600000,1303711560000,860.91,1300477427942
SEA,KOA,1303410900000,1303716900000,783.4,1300477427942
SEA,KOA,1303410900000,1303716900000,783.4,1300477427942
SEA,MAD,1302626700000,1302929880000,1838.9,1299568086068
SEA,MAD,1302626700000,1302938760000,1845.9,1299568086068
SEA,MAD,1302626700000,1302936900000,1845.9,1299568086068
SEA,MAD,1302626700000,1302936900000,1845.9,1299568086068
SEA,MAD,1302626700000,1302938760000,1845.9,1299568086068
SEA,MAD,1302645000000,1302983400000,1925.0,1299568086068
SEA,MAD,1302645000000,1302983400000,1925.0,1299568086068
SEA,MAD,1302645000000,1302983400000,1925.0,1299568086068
SEA,MAD,1302645000000,1302983400000,1925.0,1299568086068
SEA,MAD,1302645000000,1302983400000,1925.0,1299568086068
SEA,MAD,1302645000000,1302983400000,1925.0,1299568086068
SEA,MAD,1302645000000,1302983400000,1925.0,1299568086068
SEA,MAD,1302622500000,1302930240000,2593.9,1299568086068
SEA,MAD,1302645600000,1302930240000,2620.9,1299568086068
SEA,MAD,1302645600000,1302936900000,2645.2,1299568086068
SEA,MAD,1302663300000,1302914400000,2834.9,1299568086068
SEA,MAD,1302645000000,1302940680000,2876.2,1299568086068
SEA,MAD,1302645000000,1302940680000,2876.2,1299568086068
SEA,MAD,1302645000000,1302940680000,2876.2,1299568086068
SEA,MAD,1302645000000,1302983400000,1925.0,1299568086068
SEA,MAD,1302645000000,1302983400000,1925.0,1299568086068
SEA,MAH,1302793800000,1303501500000,1149.7,1300293318753
SEA,MAH,1302790200000,1303501500000,1210.7,1300293318753
SEA,MAH,1302800100000,1303501500000,1260.7,1300293318753
SEA,MAH,1302790200000,1303501500000,1273.7,1300293318753
SEA,MAH,1302793800000,1303501500000,1309.7,1300293318753
SEA,MAH,1302817800000,1303501500000,1317.3,1300293318753
SEA,MAH,1302817800000,1303501500000,1317.3,1300293318753
SEA,MAH,1302800100000,1303501500000,1399.7,1300293318753
SEA,MAH,1302800100000,1303501500000,1399.7,1300293318753
SEA,MAH,1302793800000,1303442100000,2330.2,1300293318753
SEA,MAH,1302790200000,1303442100000,2342.2,1300293318753
SEA,MAH,1302793800000,1303442100000,2353.2,1300293318753
SEA,MAH,1302793800000,1303442100000,2353.2,1300293318753
SEA,MAH,1302800100000,1303442100000,2392.2,1300293318753
SEA,MAH,1302790200000,1303442100000,2405.2,1300293318753
SEA,MAH,1302793800000,1303501500000,2413.7,1300293318753
SEA,MAH,1302790200000,1303442100000,2415.2,1300293318753
SEA,MAH,1302790200000,1303442100000,2415.2,1300293318753
SEA,MAH,1302790200000,1303501500000,2425.7,1300293318753
SEA,MAH,1302793800000,1303442100000,2440.2,1300293318753
SEA,MAH,1302817800000,1303442100000,2447.8,1300293318753
SEA,MAH,1302817800000,1303442100000,2447.8,1300293318753
SEA,MAH,1302800100000,1303442100000,2464.2,1300293318753
SEA,MAH,1302800100000,1303442100000,2464.2,1300293318753
SEA,MAH,1302800100000,1303501500000,2474.7,1300293318753
SEA,MAH,1302790200000,1303442100000,2478.2,1300293318753
SEA,MAH,1302790200000,1303442100000,2478.2,1300293318753
SEA,MAH,1302790200000,1303501500000,2488.7,1300293318753
SEA,MAH,1302793800000,1303442100000,2513.2,1300293318753
SEA,MAH,1302793800000,1303442100000,2513.2,1300293318753
SEA,MAH,1302817800000,1303442100000,2520.8,1300293318753
SEA,MAH,1302817800000,1303442100000,2520.8,1300293318753
SEA,MAH,1302817800000,1303442100000,2520.8,1300293318753
SEA,MAH,1302817800000,1303442100000,2520.8,1300293318753
SEA,MAH,1302793800000,1303501500000,2523.7,1300293318753
SEA,MAH,1302800100000,1303442100000,2531.2,1300293318753
SEA,MAH,1302800100000,1303442100000,2531.2,1300293318753
SEA,MAH,1302817800000,1303501500000,2531.3,1300293318753
SEA,MAH,1302817800000,1303501500000,2531.3,1300293318753
SEA,MAH,1302800100000,1303442100000,2604.2,1300293318753
SEA,MAH,1302800100000,1303442100000,2604.2,1300293318753
SEA,MAH,1302800100000,1303442100000,2604.2,1300293318753
SEA,MAH,1302800100000,1303442100000,2604.2,1300293318753
SEA,MAH,1302800100000,1303501500000,2614.7,1300293318753
SEA,MAH,1302800100000,1303501500000,2614.7,1300293318753
SEA,MAH,1302799500000,1303442100000,2779.2,1300293318753
SEA,MAH,1302799500000,1303442100000,2780.4,1300293318753
SEA,MAH,1302799500000,1303501500000,2789.7,1300293318753
SEA,MAH,1302799500000,1303501500000,2789.7,1300293318753
SEA,MAH,1302799500000,1303501500000,2790.9,1300293318753
SEA,MAH,1302799500000,1303501500000,2790.9,1300293318753
SEA,MAH,1302799500000,1303442100000,4555.2,1300293318753
SEA,MAH,1302799500000,1303442100000,4555.2,1300293318753
SEA,MAH,1302799500000,1303442100000,4556.4,1300293318753
SEA,MAH,1302799500000,1303442100000,4556.4,1300293318753
SEA,MAH,1302835500000,1303501500000,4801.2,1300293318753
SEA,MAH,1302835500000,1303501500000,4801.2,1300293318753
SEA,MAH,1302835500000,1303501500000,4801.2,1300293318753
SEA,MAH,1302792300000,1303442100000,4820.2,1300293318753
SEA,MAH,1302792300000,1303442100000,4820.2,1300293318753
SEA,MAH,1302799500000,1303442100000,4827.2,1300293318753
SEA,MAH,1302792300000,1303501500000,4830.7,1300293318753
SEA,MAH,1302792300000,1303501500000,4830.7,1300293318753
SEA,MAH,1302792300000,1303501500000,4830.7,1300293318753
SEA,MAH,1302792300000,1303501500000,4830.7,1300293318753
SEA,MAH,1302799500000,1303501500000,4837.7,1300293318753
SEA,MAH,1302799500000,1303501500000,4837.7,1300293318753
SEA,MAH,1302795300000,1303501500000,4995.7,1300293318753
SEA,MAH,1302795300000,1303501500000,4995.7,1300293318753
SEA,MAH,1302795300000,1303442100000,5019.2,1300293318753
SEA,MAH,1302795300000,1303442100000,5019.2,1300293318753
SEA,MAH,1302795300000,1303501500000,5029.7,1300293318753
SEA,MAH,1302795300000,1303501500000,5029.7,1300293318753
SEA,MAH,1302835500000,1303442100000,5030.5,1300293318753
SEA,MAH,1302835500000,1303442100000,5030.5,1300293318753
SEA,MAH,1302835500000,1303501500000,5041.0,1300293318753
SEA,MAH,1302835500000,1303501500000,5041.0,1300293318753
SEA,MAH,1302835500000,1303442100000,5053.3,1300293318753
SEA,MAH,1302835500000,1303501500000,5063.8,1300293318753
SEA,MAH,1302792300000,1303442100000,5240.2,1300293318753
SEA,MAH,1302792300000,1303442100000,5240.2,1300293318753
SEA,MAH,1302792300000,1303442100000,5240.2,1300293318753
SEA,MAH,1302792300000,1303442100000,5240.2,1300293318753
SEA,MAH,1302835500000,1303442100000,5240.7,1300293318753
SEA,MAH,1302835500000,1303442100000,5240.7,1300293318753
SEA,MAH,1302835500000,1303442100000,5240.7,1300293318753
SEA,MAH,1302799500000,1303442100000,5247.2,1300293318753
SEA,MAH,1302799500000,1303442100000,5247.2,1300293318753
SEA,MAH,1302795300000,1303442100000,5405.2,1300293318753
SEA,MAH,1302795300000,1303442100000,5405.2,1300293318753
SEA,MAH,1302795300000,1303442100000,5439.2,1300293318753
SEA,MAH,1302795300000,1303442100000,5439.2,1300293318753
SEA,MAH,1302835500000,1303442100000,5446.5,1300293318753
SEA,MAH,1302835500000,1303442100000,5453.5,1300293318753
SEA,MAH,1302835500000,1303442100000,5469.3,1300293318753
SEA,XRY,1300678500000,1301877600000,1323.3,1299744297145
SEA,XRY,1300678500000,1301877600000,1323.3,1299744297145
SEA,XRY,1300678500000,1301877600000,1323.3,1299744297145
SEA,XRY,1300678500000,1301877600000,1323.3,1299744297145
SEA,XRY,1300678500000,1301877600000,1323.3,1299744297145
SEA,XRY,1300678500000,1301882700000,1387.9,1299744297145
SEA,XRY,1300678500000,1301882700000,1387.9,1299744297145
SEA,XRY,1300678500000,1301882700000,1954.9,1299744297145
SEA,XRY,1300678500000,1301882700000,2033.9,1299744297145
SEA,XRY,1300678500000,1301882700000,2033.9,1299744297145
SEA,XRY,1300658100000,1301946300000,3593.5,1299744297145
SEA,XRY,1300658100000,1301946300000,3593.5,1299744297145
SEA,XRY,1300631400000,1301886900000,4306.7,1299744297145
SEA,MAD,1303526700000,1303778400000,1152.9,1299578234130
SEA,MAD,1303526700000,1303778400000,1190.9,1299578234130
SEA,MAD,1303486500000,1303789740000,1203.0,1299578234130
SEA,MAD,1303506900000,1303792200000,1204.2,1299578234130
SEA,MAD,1303506900000,1303760700000,1213.8,1299578234130
SEA,MAD,1303506900000,1303760700000,1213.8,1299578234130
SEA,MAD,1303510500000,1303792200000,1218.7,1299578234130
SEA,MAD,1303506900000,1303766400000,1220.8,1299578234130
SEA,MAD,1303510500000,1303760700000,1228.3,1299578234130
SEA,MAD,1303481400000,1303792200000,1231.9,1299578234130
SEA,MAD,1303506900000,1303847400000,1256.0,1299578234130
SEA,MAD,1303510500000,1303847400000,1270.5,1299578234130
SEA,MAD,1303481400000,1303847400000,1283.7,1299578234130
SEA,MAD,1303499460000,1303788300000,1299.6,1299578234130
SEA,MAD,1303506900000,1303806120000,1400.2,1299578234130
SEA,MAD,1303510500000,1303806120000,1414.7,1299578234130
SEA,MAD,1303481400000,1303797480000,1461.9,1299578234130
SEA,MAD,1303481400000,1303804680000,1461.9,1299578234130
SEA,MAD,1303509600000,1303789740000,1614.9,1299578234130
SEA,MJV,1301110500000,1302396000000,1263.1,1299418875247
SEA,MJV,1301110500000,1302396000000,1263.1,1299418875247
SEA,MJV,1301110500000,1302396000000,1292.1,1299418875247
SEA,MJV,1301110500000,1302396000000,1292.1,1299418875247
SEA,MJV,1301110500000,1302396000000,1292.1,1299418875247
SEA,MJV,1301110500000,1302396000000,1292.1,1299418875247
SEA,MJV,1301110500000,1302396000000,1292.1,1299418875247
SEA,MJV,1301110500000,1302396000000,1292.1,1299418875247
SEA,MJV,1301110500000,1302396000000,2152.1,1299418875247
SEA,MJV,1301110500000,1302396000000,2152.1,1299418875247
SEA,MJV,1301110500000,1302396000000,2152.1,1299418875247
SEA,MJV,1301071500000,1302325080000,2382.8,1299418875247
SEA,MJV,1301071500000,1302325080000,2684.8,1299418875247
SEA,MJV,1301071500000,1302325080000,2880.8,1299418875247
SEA,MJV,1301070480000,1302319560000,2986.4,1299418875247
SEA,MJV,1301071500000,1302325080000,4175.8,1299418875247
SEA,MJV,1301071500000,1302325080000,4251.8,1299418875247
SEA,MJV,1301071500000,1302325080000,4466.8,1299418875247
SEA,MJV,1301071500000,1302325080000,4841.4,1299418875247
SEA,FUE,1304710800000,1305056700000,1367.6,1300514553958
SEA,FUE,1304710800000,1305056700000,1367.6,1300514553958
SEA,FUE,1304710800000,1305057000000,1390.9,1300514553958
SEA,FUE,1304710800000,1305057000000,1393.8,1300514553958
SEA,FUE,1304710800000,1305057000000,1393.8,1300514553958
SEA,FUE,1304720100000,1305056700000,2340.7,1300514553958
SEA,FUE,1304720100000,1305056700000,2340.7,1300514553958
SEA,FUE,1304720100000,1305057000000,2364.0,1300514553958
SEA,FUE,1304720100000,1305057000000,2366.9,1300514553958
SEA,FUE,1304720100000,1305057000000,2366.9,1300514553958
SEA,FUE,1304709300000,1305057000000,4700.0,1300514553958
SEA,FUE,1304709300000,1305056700000,4865.8,1300514553958
SEA,FUE,1304709300000,1305056700000,4865.8,1300514553958
SEA,FUE,1304709300000,1305057000000,5309.1,1300514553958
SEA,FUE,1304709300000,1305057000000,5312.0,1300514553958
SEA,TFN,1301235000000,1302596520000,925.6,1300001011122
SEA,TFN,1301214600000,1302596520000,942.6,1300001011122
SEA,TFN,1301238000000,1302596520000,942.6,1300001011122
SEA,TFN,1301214600000,1302596520000,943.8,1300001011122
SEA,TFN,1301238000000,1302596520000,943.8,1300001011122
SEA,TFN,1301238000000,1302596520000,1160.6,1300001011122
SEA,TFN,1301238000000,1302596520000,1161.8,1300001011122
SEA,TFN,1301235000000,1302596520000,1205.6,1300001011122
SEA,TFN,1301235000000,1302596520000,1270.6,1300001011122
SEA,TFN,1301214600000,1302596520000,1287.6,1300001011122
SEA,TFN,1301238000000,1302596520000,1287.6,1300001011122
SEA,TFN,1301214600000,1302596520000,1288.8,1300001011122
SEA,TFN,1301238000000,1302596520000,1288.8,1300001011122
SEA,TFN,1301280300000,1302568800000,1348.9,1300001011122
SEA,TFN,1301280300000,1302568800000,1348.9,1300001011122
SEA,TFN,1301235000000,1302596520000,1373.6,1300001011122
SEA,TFN,1301235000000,1302596520000,1373.6,1300001011122
SEA,TFN,1301235000000,1302551100000,1374.0,1300001011122
SEA,TFN,1301280300000,1302568800000,1377.9,1300001011122
SEA,TFN,1301214600000,1302551100000,1391.0,1300001011122
SEA,TFN,1301238000000,1302551100000,1391.0,1300001011122
SEA,TFN,1301214600000,1302551100000,1392.2,1300001011122
SEA,TFN,1301238000000,1302551100000,1392.2,1300001011122
SEA,TFN,1301238000000,1302596520000,1505.6,1300001011122
SEA,TFN,1301238000000,1302596520000,1506.8,1300001011122
SEA,TFN,1301235000000,1302596520000,1549.6,1300001011122
SEA,TFN,1301238000000,1302551100000,1609.0,1300001011122
SEA,TFN,1301238000000,1302551100000,1610.2,1300001011122
SEA,TFN,1301235000000,1302551100000,1654.0,1300001011122
SEA,TFN,1301235000000,1302596520000,1718.6,1300001011122
SEA,TFN,1301235000000,1302596520000,1718.6,1300001011122
SEA,TFN,1301235000000,1302551100000,1822.0,1300001011122
SEA,TFN,1301235000000,1302551100000,1822.0,1300001011122
SEA,TFN,1301244000000,1302568800000,2147.7,1300001011122
SEA,TFN,1301280300000,1302568800000,2173.9,1300001011122
SEA,TFN,1301280300000,1302568800000,2173.9,1300001011122
SEA,TFN,1301280300000,1302568800000,2202.9,1300001011122
SEA,TFN,1301244300000,1302551100000,2580.0,1300001011122
SEA,TFN,1301244300000,1302551100000,2581.2,1300001011122
SEA,TFN,1301264100000,1302596520000,2671.5,1300001011122
SEA,TFN,1301264100000,1302551100000,2760.9,1300001011122
SEA,TFN,1301244000000,1302568800000,2971.7,1300001011122
SEA,TFN,1301264100000,1302596520000,3015.5,1300001011122
SEA,TFN,1301244300000,1302596520000,4408.6,1300001011122
SEA,TFN,1301244300000,1302596520000,4408.6,1300001011122
SEA,TFN,1301244300000,1302596520000,4747.8,1300001011122
SEA,TFN,1301244300000,1302596520000,4747.8,1300001011122
SEA,TFN,1301280300000,1302551100000,4891.2,1300001011122
SEA,TFN,1301237100000,1302551100000,4905.8,1300001011122
SEA,TFN,1301237100000,1302551100000,4907.0,1300001011122
SEA,TFN,1301244300000,1302551100000,4914.8,1300001011122
SEA,TFN,1301244300000,1302551100000,4916.0,1300001011122
SEA,TFN,1301244300000,1302551100000,4916.0,1300001011122
SEA,TFN,1301237100000,1302551100000,4924.0,1300001011122
SEA,TFN,1301237100000,1302551100000,4924.0,1300001011122
SEA,TFN,1301244000000,1302551100000,4928.0,1300001011122
SEA,TFN,1301244300000,1302551100000,4934.2,1300001011122
SEA,TFN,1301235000000,1302568800000,4944.7,1300001011122
SEA,TFN,1301280300000,1302551100000,4958.2,1300001011122
SEA,TFN,1301214600000,1302568800000,4961.7,1300001011122
SEA,TFN,1301238000000,1302568800000,4961.7,1300001011122
SEA,TFN,1301214600000,1302568800000,4962.9,1300001011122
SEA,TFN,1301238000000,1302568800000,4962.9,1300001011122
SEA,TFN,1301235000000,1302568800000,4973.7,1300001011122
SEA,TFN,1301244300000,1302568800000,4986.7,1300001011122
SEA,TFN,1301280300000,1302551100000,4987.2,1300001011122
SEA,TFN,1301214600000,1302568800000,4990.7,1300001011122
SEA,TFN,1301238000000,1302568800000,4990.7,1300001011122
SEA,TFN,1301214600000,1302568800000,4991.9,1300001011122
SEA,TFN,1301238000000,1302568800000,4991.9,1300001011122
SEA,TFN,1301244300000,1302568800000,5015.7,1300001011122
SEA,TFN,1301239740000,1302551100000,5043.2,1300001011122
SEA,TFN,1301239740000,1302551100000,5068.9,1300001011122
SEA,TFN,1301244300000,1302568800000,5326.9,1300001011122
SEA,TFN,1301244300000,1302568800000,5355.9,1300001011122
SEA,TFN,1301235000000,1302568800000,5364.7,1300001011122
SEA,TFN,1301235000000,1302568800000,5364.7,1300001011122
SEA,TFN,1301235000000,1302568800000,5364.7,1300001011122
SEA,TFN,1301238000000,1302568800000,5381.7,1300001011122
SEA,TFN,1301238000000,1302568800000,5382.9,1300001011122
SEA,TFN,1301280300000,1302596520000,5385.8,1300001011122
SEA,TFN,1301280300000,1302596520000,5385.8,1300001011122
SEA,TFN,1301235000000,1302568800000,5393.7,1300001011122
SEA,TFN,1301235000000,1302568800000,5393.7,1300001011122
SEA,TFN,1301235000000,1302568800000,5393.7,1300001011122
SEA,TFN,1301264100000,1302568800000,5397.6,1300001011122
SEA,TFN,1301238000000,1302568800000,5410.7,1300001011122
SEA,TFN,1301238000000,1302568800000,5411.9,1300001011122
SEA,TFN,1301237100000,1302596520000,5419.4,1300001011122
SEA,TFN,1301237100000,1302596520000,5419.4,1300001011122
SEA,TFN,1301237100000,1302596520000,5420.6,1300001011122
SEA,TFN,1301237100000,1302596520000,5420.6,1300001011122
SEA,TFN,1301264100000,1302568800000,5426.6,1300001011122
SEA,TFN,1301244300000,1302596520000,5428.4,1300001011122
SEA,TFN,1301244300000,1302596520000,5428.4,1300001011122
SEA,TFN,1301244300000,1302596520000,5429.6,1300001011122
SEA,TFN,1301244300000,1302596520000,5429.6,1300001011122
SEA,TFN,1301244300000,1302596520000,5429.6,1300001011122
SEA,TFN,1301244300000,1302596520000,5429.6,1300001011122
SEA,NAS,1301637600000,1301979480000,775.1,1300425888074
SEA,NAS,1301637600000,1301952000000,831.1,1300425888074
SEA,NAS,1301637600000,1301979480000,894.1,1300425888074
SEA,NAS,1301637600000,1301892660000,922.1,1300425888074
SEA,NAS,1301638200000,1301979480000,923.6,1300425888074
SEA,NAS,1301637600000,1301909880000,923.6,1300425888074
SEA,NAS,1301637600000,1301979480000,925.1,1300425888074
SEA,NAS,1301580600000,1301979480000,975.1,1300425888074
SEA,NAS,1301638200000,1301952000000,979.6,1300425888074
SEA,NAS,1301637600000,1301952000000,981.1,1300425888074
SEA,NAS,1301637600000,1301896680000,1003.6,1300425888074
SEA,NAS,1301637600000,1301891340000,1003.6,1300425888074
SEA,NAS,1301638200000,1301979480000,1042.6,1300425888074
SEA,NAS,1301637600000,1301979480000,1044.1,1300425888074
SEA,NAS,1301638200000,1301892660000,1065.1,1300425888074
SEA,NAS,1301637600000,1301892660000,1066.6,1300425888074
SEA,NAS,1301638200000,1301909880000,1072.1,1300425888074
SEA,NAS,1301637600000,1301909880000,1073.6,1300425888074
SEA,NAS,1301638200000,1301987640000,1089.6,1300425888074
SEA,NAS,1301637600000,1301987640000,1091.1,1300425888074
SEA,NAS,1301580600000,1301892660000,1116.6,1300425888074
SEA,NAS,1301580600000,1301909880000,1123.6,1300425888074
SEA,NAS,1301637600000,1301905320000,1129.6,1300425888074
SEA,NAS,1301561100000,1301979480000,1131.1,1300425888074
SEA,NAS,1301561100000,1301987640000,1142.1,1300425888074
SEA,NAS,1301638200000,1301896680000,1146.6,1300425888074
SEA,NAS,1301638200000,1301891340000,1146.6,1300425888074
SEA,NAS,1301637600000,1301896680000,1148.1,1300425888074
SEA,NAS,1301637600000,1301891340000,1148.1,1300425888074
SEA,NAS,1301589900000,1301979480000,1172.1,1300425888074
SEA,NAS,1301644200000,1301979480000,1174.6,1300425888074
SEA,NAS,1301619300000,1301979480000,1174.6,1300425888074
SEA,NAS,1301619300000,1301979480000,1174.6,1300425888074
SEA,NAS,1301561100000,1301952000000,1176.1,1300425888074
SEA,NAS,1301589900000,1301987640000,1182.1,1300425888074
SEA,NAS,1301644200000,1301987640000,1184.6,1300425888074
SEA,NAS,1301644200000,1301987640000,1184.6,1300425888074
SEA,NAS,1301619300000,1301987640000,1184.6,1300425888074
SEA,NAS,1301619300000,1301987640000,1184.6,1300425888074
SEA,NAS,1301619300000,1301987640000,1184.6,1300425888074
SEA,NAS,1301580600000,1301896680000,1198.1,1300425888074
SEA,NAS,1301580600000,1301891340000,1198.1,1300425888074
SEA,NAS,1301633700000,1301979480000,1200.1,1300425888074
SEA,NAS,1301633700000,1301979480000,1200.1,1300425888074
SEA,NAS,1301644200000,1301979480000,1202.6,1300425888074
SEA,NAS,1301644200000,1301979480000,1202.6,1300425888074
SEA,NAS,1301619300000,1301979480000,1202.6,1300425888074
SEA,NAS,1301589900000,1301952000000,1216.1,1300425888074
SEA,NAS,1301644200000,1301952000000,1218.6,1300425888074
SEA,NAS,1301644200000,1301952000000,1218.6,1300425888074
SEA,NAS,1301619300000,1301952000000,1218.6,1300425888074
SEA,NAS,1301619300000,1301952000000,1218.6,1300425888074
SEA,NAS,1301619300000,1301952000000,1218.6,1300425888074
SEA,NAS,1301589900000,1301979480000,1234.1,1300425888074
SEA,NAS,1301644200000,1301979480000,1237.6,1300425888074
SEA,NAS,1301644200000,1301979480000,1237.6,1300425888074
SEA,NAS,1301619300000,1301979480000,1237.6,1300425888074
SEA,NAS,1301619300000,1301979480000,1237.6,1300425888074
SEA,NAS,1301619300000,1301979480000,1237.6,1300425888074
SEA,NAS,1301561100000,1301979480000,1250.1,1300425888074
SEA,NAS,1301638200000,1301905320000,1272.6,1300425888074
SEA,NAS,1301637600000,1301905320000,1274.1,1300425888074
SEA,NAS,1301561100000,1301892660000,1279.6,1300425888074
SEA,NAS,1301561100000,1301909880000,1279.6,1300425888074
SEA,NAS,1301580600000,1301905320000,1304.1,1300425888074
SEA,NAS,1301644200000,1301892660000,1316.1,1300425888074
SEA,NAS,1301619300000,1301892660000,1316.1,1300425888074
SEA,NAS,1301619300000,1301892660000,1316.1,1300425888074
SEA,NAS,1301589900000,1301892660000,1320.6,1300425888074
SEA,NAS,1301589900000,1301909880000,1320.6,1300425888074
SEA,NAS,1301644200000,1301979480000,1321.6,1300425888074
SEA,NAS,1301644200000,1301909880000,1323.1,1300425888074
SEA,NAS,1301619300000,1301909880000,1323.1,1300425888074
SEA,NAS,1301619300000,1301909880000,1323.1,1300425888074
SEA,NAS,1301644200000,1301987640000,1330.6,1300425888074
SEA,NAS,1301619300000,1301889300000,1332.1,1300425888074
SEA,NAS,1301619300000,1301889300000,1332.1,1300425888074
SEA,NAS,1301644200000,1301892660000,1344.1,1300425888074
SEA,NAS,1301644200000,1301892660000,1344.1,1300425888074
SEA,NAS,1301619300000,1301892660000,1344.1,1300425888074
SEA,NAS,1301633700000,1301892660000,1348.6,1300425888074
SEA,NAS,1301633700000,1301892660000,1348.6,1300425888074
SEA,NAS,1301633700000,1301909880000,1348.6,1300425888074
SEA,NAS,1301633700000,1301909880000,1348.6,1300425888074
SEA,NAS,1301644200000,1301909880000,1351.1,1300425888074
SEA,NAS,1301644200000,1301909880000,1351.1,1300425888074
SEA,NAS,1301619300000,1301909880000,1351.1,1300425888074
SEA,NAS,1301561100000,1301896680000,1361.1,1300425888074
SEA,NAS,1301561100000,1301891340000,1361.1,1300425888074
SEA,NAS,1301644200000,1301952000000,1364.6,1300425888074
SEA,NAS,1301580600000,1301987640000,1365.1,1300425888074
SEA,NAS,1301633700000,1301987640000,1365.1,1300425888074
SEA,NAS,1301633700000,1301987640000,1365.1,1300425888074
SEA,NAS,1301580600000,1301952000000,1399.1,1300425888074
SEA,NAS,1301633700000,1301952000000,1399.1,1300425888074
SEA,NAS,1301633700000,1301952000000,1399.1,1300425888074
SEA,NAS,1301644200000,1301896680000,1425.6,1300425888074
SEA,NAS,1301644200000,1301896680000,1425.6,1300425888074
SEA,NAS,1301644200000,1301896680000,1425.6,1300425888074
SEA,MAH,1300199400000,1300914900000,846.1,1299973400643
SEA,MAH,1300199400000,1300914900000,846.1,1299973400643
SEA,MAH,1300199400000,1300913700000,852.7,1299973400643
SEA,MAH,1300199400000,1300913700000,852.7,1299973400643
SEA,MAH,1300199400000,1300914900000,1045.1,1299973400643
SEA,MAH,1300199400000,1300914900000,1045.1,1299973400643
SEA,MAH,1300199400000,1300913700000,1051.7,1299973400643
SEA,MAH,1300199400000,1300913700000,1051.7,1299973400643
SEA,MAH,1300226100000,1300914900000,2131.8,1299973400643
SEA,MAH,1300226100000,1300914900000,2131.8,1299973400643
SEA,MAH,1300226100000,1300913700000,2138.4,1299973400643
SEA,MAH,1300226100000,1300913700000,2138.4,1299973400643
SEA,MAH,1300226100000,1300914900000,2447.8,1299973400643
SEA,MAH,1300226100000,1300914900000,2447.8,1299973400643
SEA,MAH,1300207500000,1300914900000,3048.5,1299973400643
SEA,MAH,1300207500000,1300914900000,3048.5,1299973400643
SEA,MAH,1300226100000,1300913700000,4232.5,1299973400643
SEA,MAH,1300226100000,1300913700000,4232.5,1299973400643
SEA,MAH,1300207500000,1300913700000,4242.2,1299973400643
SEA,MAH,1300207500000,1300913700000,4242.2,1299973400643
SEA,MAH,1300246500000,1300863600000,4670.8,1299973400643
SEA,MAH,1300246500000,1300863600000,4670.8,1299973400643
SEA,MAH,1300246500000,1300863600000,4670.8,1299973400643
SEA,MAH,1300246500000,1300863600000,4726.8,1299973400643
SEA,MAH,1300246500000,1300863600000,4726.8,1299973400643
SEA,MAH,1300246500000,1300914900000,4811.5,1299973400643
SEA,MAH,1300246500000,1300914900000,4811.5,1299973400643
SEA,MAH,1300246500000,1300914900000,4811.5,1299973400643
SEA,MAH,1300199400000,1300863600000,4827.4,1299973400643
SEA,MAH,1300226100000,1300863600000,4842.1,1299973400643
SEA,MAH,1300207500000,1300863600000,4850.8,1299973400643
SEA,MAH,1300246500000,1300914900000,4867.5,1299973400643
SEA,MAH,1300246500000,1300914900000,4867.5,1299973400643
SEA,MAH,1300246500000,1300914900000,4867.5,1299973400643
SEA,MAH,1300246500000,1300914900000,4867.5,1299973400643
SEA,MAH,1300207500000,1300914900000,4928.5,1299973400643
SEA,MAH,1300207500000,1300914900000,4928.5,1299973400643
SEA,MAH,1300197720000,1300914900000,4949.8,1299973400643
SEA,MAH,1300197720000,1300914900000,4949.8,1299973400643
SEA,MAH,1300200000000,1300914900000,4951.3,1299973400643
SEA,MAH,1300200000000,1300914900000,4951.3,1299973400643
SEA,MAH,1300200000000,1300914900000,4968.3,1299973400643
SEA,MAH,1300200000000,1300914900000,4968.3,1299973400643
SEA,MAH,1300200000000,1300914900000,4968.3,1299973400643
SEA,MAH,1300200000000,1300914900000,4968.3,1299973400643
SEA,MAH,1300200000000,1300914900000,4968.3,1299973400643
SEA,MAH,1300200000000,1300914900000,4968.3,1299973400643
SEA,MAH,1300203060000,1300914900000,4969.5,1299973400643
SEA,MAH,1300203060000,1300914900000,4969.5,1299973400643
SEA,MAH,1300203060000,1300914900000,4996.4,1299973400643
SEA,MAH,1300203060000,1300914900000,5030.4,1299973400643
SEA,MAH,1300246500000,1300914900000,5051.2,1299973400643
SEA,MAH,1300246500000,1300914900000,5051.2,1299973400643
SEA,MAH,1300246500000,1300914900000,5073.9,1299973400643
SEA,MAH,1300199400000,1300863600000,5247.4,1299973400643
SEA,MAH,1300226100000,1300863600000,5262.1,1299973400643
SEA,MAH,1300246500000,1300913700000,5313.2,1299973400643
SEA,MAH,1300246500000,1300913700000,5313.2,1299973400643
SEA,MAH,1300246500000,1300913700000,5313.2,1299973400643
SEA,MAH,1300246500000,1300913700000,5313.2,1299973400643
SEA,MAH,1300207500000,1300913700000,5374.2,1299973400643
SEA,MAH,1300207500000,1300913700000,5374.2,1299973400643
SEA,MAH,1300197720000,1300913700000,5395.5,1299973400643
SEA,MAH,1300197720000,1300913700000,5395.5,1299973400643
SEA,MAH,1300200000000,1300913700000,5397.0,1299973400643
SEA,MAH,1300200000000,1300913700000,5397.0,1299973400643
SEA,MAH,1300200000000,1300913700000,5414.0,1299973400643
SEA,MAH,1300200000000,1300913700000,5414.0,1299973400643
SEA,MAH,1300200000000,1300913700000,5414.0,1299973400643
SEA,MAH,1300200000000,1300913700000,5414.0,1299973400643
SEA,MAH,1300200000000,1300913700000,5414.0,1299973400643
SEA,MAH,1300200000000,1300913700000,5414.0,1299973400643
SEA,MAH,1300203060000,1300913700000,5415.2,1299973400643
SEA,MAH,1300203060000,1300913700000,5415.2,1299973400643
SEA,MAH,1300203060000,1300913700000,5476.1,1299973400643
SEA,MAH,1300203060000,1300913700000,5476.1,1299973400643
SEA,MAH,1300246500000,1300913700000,5492.9,1299973400643
SEA,MAH,1300246500000,1300913700000,5492.9,1299973400643
SEA,MAH,1300246500000,1300913700000,5492.9,1299973400643
SEA,MAH,1300246500000,1300913700000,5492.9,1299973400643
SEA,MAH,1300246500000,1300913700000,5515.6,1299973400643
SEA,MAH,1300246500000,1300913700000,5515.6,1299973400643
SEA,MAH,1300207500000,1300863600000,5982.8,1299973400643
SEA,MAH,1300197720000,1300863600000,6004.1,1299973400643
SEA,MAH,1300200000000,1300863600000,6005.6,1299973400643
SEA,MAH,1300200000000,1300863600000,6022.6,1299973400643
SEA,MAH,1300200000000,1300863600000,6022.6,1299973400643
SEA,MAH,1300200000000,1300863600000,6022.6,1299973400643
SEA,MAH,1300203060000,1300863600000,6023.8,1299973400643
SEA,MAH,1300203060000,1300863600000,6084.7,1299973400643
SEA,TFN,1300747500000,1302069480000,958.9,1299987353389
SEA,TFN,1300747500000,1302032700000,967.6,1299987353389
SEA,TFN,1300747500000,1302032700000,967.6,1299987353389
SEA,TFN,1300747500000,1302032700000,968.8,1299987353389
SEA,TFN,1300747500000,1302032700000,968.8,1299987353389
SEA,TFN,1300747500000,1302033000000,993.2,1299987353389
SEA,TFN,1300747500000,1302033000000,993.8,1299987353389
SEA,TFN,1300747500000,1302033000000,993.8,1299987353389
SEA,TFN,1300747500000,1302033000000,995.0,1299987353389
SEA,TFN,1300747500000,1302033000000,995.0,1299987353389
SEA,TFN,1300747500000,1302069480000,1010.6,1299987353389
SEA,TFN,1300764900000,1301969100000,1060.5,1299987353389
SEA,TFN,1300717800000,1302069480000,1073.3,1299987353389
SEA,TFN,1300717800000,1302069480000,1074.5,1299987353389
SEA,TFN,1300717800000,1302032700000,1082.0,1299987353389
SEA,TFN,1300717800000,1302032700000,1082.0,1299987353389
SEA,TFN,1300717800000,1302032700000,1083.2,1299987353389
SEA,TFN,1300717800000,1302032700000,1083.2,1299987353389
SEA,TFN,1300717800000,1302032700000,1083.2,1299987353389
SEA,TFN,1300717800000,1302032700000,1083.2,1299987353389
SEA,TFN,1300717800000,1302032700000,1084.4,1299987353389
SEA,TFN,1300717800000,1302032700000,1084.4,1299987353389
SEA,TFN,1300764900000,1301969100000,1089.5,1299987353389
SEA,TFN,1300717800000,1302033000000,1107.6,1299987353389
SEA,TFN,1300717800000,1302033000000,1108.2,1299987353389
SEA,TFN,1300717800000,1302033000000,1108.2,1299987353389
SEA,TFN,1300717800000,1302033000000,1108.8,1299987353389
SEA,TFN,1300717800000,1302033000000,1109.4,1299987353389
SEA,TFN,1300717800000,1302033000000,1109.4,1299987353389
SEA,TFN,1300717800000,1302033000000,1109.4,1299987353389
SEA,TFN,1300717800000,1302033000000,1109.4,1299987353389
SEA,TFN,1300717800000,1302033000000,1110.6,1299987353389
SEA,TFN,1300717800000,1302033000000,1110.6,1299987353389
SEA,TFN,1300717800000,1302069480000,1125.0,1299987353389
SEA,TFN,1300717800000,1302069480000,1126.2,1299987353389
SEA,TFN,1300764900000,1301969100000,1126.5,1299987353389
SEA,TFN,1300747500000,1302069480000,1141.6,1299987353389
SEA,TFN,1300747500000,1302032700000,1150.3,1299987353389
SEA,TFN,1300747500000,1302032700000,1150.3,1299987353389
SEA,TFN,1300747500000,1302032700000,1151.5,1299987353389
SEA,TFN,1300747500000,1302032700000,1151.5,1299987353389
SEA,TFN,1300764900000,1302051000000,1151.9,1299987353389
SEA,TFN,1300764900000,1302051000000,1151.9,1299987353389
SEA,TFN,1300764900000,1302051000000,1151.9,1299987353389
SEA,TFN,1300764900000,1302051000000,1151.9,1299987353389
SEA,TFN,1300764900000,1302051000000,1151.9,1299987353389
SEA,TFN,1300764900000,1302051000000,1151.9,1299987353389
SEA,TFN,1300747500000,1302033000000,1175.9,1299987353389
SEA,TFN,1300747500000,1302033000000,1176.5,1299987353389
SEA,TFN,1300747500000,1302033000000,1176.5,1299987353389
SEA,TFN,1300747500000,1302033000000,1177.7,1299987353389
SEA,TFN,1300747500000,1302033000000,1177.7,1299987353389
SEA,TFN,1300764900000,1302051000000,1180.9,1299987353389
SEA,TFN,1300764900000,1302051000000,1180.9,1299987353389
SEA,TFN,1300764900000,1302051000000,1180.9,1299987353389
SEA,TFN,1300764900000,1302051000000,1180.9,1299987353389
SEA,TFN,1300764900000,1302051000000,1180.9,1299987353389
SEA,TFN,1300747500000,1302069480000,1193.3,1299987353389
SEA,TFN,1300764900000,1302051000000,1209.9,1299987353389
SEA,TFN,1300725900000,1301979480000,1315.5,1299987353389
SEA,TFN,1300725900000,1301979480000,1333.7,1299987353389
SEA,TFN,1300725900000,1302069480000,2572.5,1299987353389
SEA,TFN,1300725900000,1302032700000,2581.2,1299987353389
SEA,TFN,1300725900000,1302032700000,2581.2,1299987353389
SEA,TFN,1300725900000,1302032700000,2582.4,1299987353389
SEA,TFN,1300725900000,1302032700000,2582.4,1299987353389
SEA,TFN,1300725900000,1302069480000,2624.2,1299987353389
SEA,TFN,1300725900000,1302033000000,4068.4,1299987353389
SEA,TFN,1300725900000,1302033000000,4068.4,1299987353389
SEA,TFN,1300725900000,1302033000000,4069.6,1299987353389
SEA,TFN,1300725900000,1302033000000,4679.8,1299987353389
SEA,TFN,1300725900000,1302033000000,4681.6,1299987353389
SEA,TFN,1300747500000,1301979480000,4691.8,1299987353389
SEA,TFN,1300764900000,1302033000000,4725.4,1299987353389
SEA,TFN,1300764900000,1302033000000,4725.4,1299987353389
SEA,TFN,1300764900000,1302033000000,4726.6,1299987353389
SEA,TFN,1300747500000,1301969100000,4752.6,1299987353389
SEA,TFN,1300747500000,1302051000000,4778.0,1299987353389
SEA,TFN,1300747500000,1302051000000,4778.0,1299987353389
SEA,TFN,1300747500000,1302051000000,4778.0,1299987353389
SEA,TFN,1300725900000,1302033000000,4783.2,1299987353389
SEA,TFN,1300725900000,1302033000000,4783.2,1299987353389
SEA,TFN,1300725900000,1302033000000,4784.4,1299987353389
SEA,TFN,1300764900000,1302033000000,4792.4,1299987353389
SEA,TFN,1300764900000,1302033000000,4792.4,1299987353389
SEA,TFN,1300764900000,1302033000000,4793.6,1299987353389
SEA,TFN,1300725900000,1302033000000,4801.4,1299987353389
SEA,TFN,1300725900000,1302033000000,4801.4,1299987353389
SEA,TFN,1300725900000,1302033000000,4802.6,1299987353389
SEA,TFN,1300747500000,1302051000000,4807.0,1299987353389
SEA,TFN,1300764900000,1302033000000,4821.4,1299987353389
SEA,TFN,1300764900000,1302033000000,4821.4,1299987353389
SEA,TFN,1300764900000,1302033000000,4822.6,1299987353389
SEA,TFN,1300717800000,1301979480000,4875.5,1299987353389
SEA,TFN,1300719600000,1302033000000,4875.9,1299987353389
SEA,TFN,1300716120000,1302033000000,4875.9,1299987353389
SEA,TFN,1300719600000,1302033000000,4875.9,1299987353389
SEA,TFN,1300716120000,1302033000000,4875.9,1299987353389
SEA,TFN,1300718400000,1302033000000,4876.2,1299987353389
SEA,ACE,1299965400000,1301253900000,1602.2,1299458868010
SEA,ACE,1299983700000,1301272800000,2293.4,1299458868010
