exchange,stock_symbol,date,stock_price_open,stock_price_high,stock_price_low,stock_price_close,stock_volume,stock_price_adj_close
NASDAQ,DYAX,2010-02-08,3.39,3.42,3.21,3.22,228400,3.22
NASDAQ,DYAX,2010-02-05,3.28,3.38,3.16,3.38,436600,3.38
NASDAQ,DYAX,2010-02-04,3.41,3.45,3.28,3.28,538400,3.28
NASDAQ,DYAX,2010-02-03,3.56,3.59,3.42,3.43,312600,3.43
NASDAQ,DYAX,2010-02-02,3.60,3.61,3.42,3.58,578200,3.58
NASDAQ,DYAX,2010-02-01,3.37,3.53,3.35,3.53,359400,3.53
NASDAQ,DYAX,2010-01-29,3.50,3.56,3.36,3.37,325100,3.37
NASDAQ,DYAX,2010-01-28,3.55,3.55,3.41,3.48,340200,3.48
NASDAQ,DYAX,2010-01-27,3.45,3.57,3.45,3.55,346400,3.55
NASDAQ,DYAX,2010-01-26,3.43,3.53,3.38,3.48,453700,3.48
NASDAQ,DYAX,2010-01-25,3.48,3.57,3.36,3.45,626400,3.45
NASDAQ,DYAX,2010-01-22,3.58,3.67,3.43,3.45,732800,3.45
NASDAQ,DYAX,2010-01-21,3.73,3.78,3.59,3.59,470500,3.59
NASDAQ,DYAX,2010-01-20,3.77,3.82,3.66,3.71,262500,3.71
NASDAQ,DYAX,2010-01-19,3.68,3.82,3.61,3.81,618300,3.81
NASDAQ,DYAX,2010-01-15,3.85,3.85,3.66,3.67,377200,3.67
NASDAQ,DYAX,2010-01-14,3.72,3.85,3.72,3.82,262800,3.82
NASDAQ,DYAX,2010-01-13,3.68,3.75,3.64,3.72,245300,3.72
NASDAQ,DYAX,2010-01-12,3.81,3.83,3.59,3.67,401500,3.67
NASDAQ,DYAX,2010-01-11,3.79,3.85,3.72,3.84,690600,3.84
NASDAQ,DYAX,2010-01-08,3.63,3.80,3.50,3.77,812900,3.77
NASDAQ,DYAX,2010-01-07,3.65,3.65,3.49,3.62,808600,3.62
NASDAQ,DYAX,2010-01-06,3.46,3.80,3.40,3.60,1767000,3.60
NASDAQ,DYAX,2010-01-05,3.49,3.52,3.40,3.45,418100,3.45
NASDAQ,DYAX,2010-01-04,3.41,3.54,3.39,3.51,640600,3.51
NASDAQ,DYAX,2009-12-31,3.34,3.40,3.28,3.39,599700,3.39
NASDAQ,DYAX,2009-12-30,3.33,3.35,3.26,3.35,377400,3.35
NASDAQ,DYAX,2009-12-29,3.31,3.36,3.30,3.35,259100,3.35
NASDAQ,DYAX,2009-12-28,3.21,3.32,3.20,3.29,637300,3.29
NASDAQ,DYAX,2009-12-24,3.25,3.28,3.20,3.24,398500,3.24
NASDAQ,DYAX,2009-12-23,3.31,3.33,3.21,3.25,1233200,3.25
NASDAQ,DYAX,2009-12-22,3.31,3.39,3.25,3.31,717000,3.31
NASDAQ,DYAX,2009-12-21,3.31,3.40,3.28,3.31,486400,3.31
NASDAQ,DYAX,2009-12-18,3.27,3.34,3.20,3.29,856600,3.29
NASDAQ,DYAX,2009-12-17,3.32,3.34,3.23,3.24,458300,3.24
NASDAQ,DYAX,2009-12-16,3.51,3.61,3.29,3.34,647200,3.34
NASDAQ,DYAX,2009-12-15,3.50,3.63,3.49,3.53,657600,3.53
NASDAQ,DYAX,2009-12-14,3.42,3.51,3.25,3.50,717900,3.50
NASDAQ,DYAX,2009-12-11,3.38,3.47,3.33,3.42,776400,3.42
NASDAQ,DYAX,2009-12-10,3.50,3.54,3.30,3.37,992400,3.37
NASDAQ,DYAX,2009-12-09,3.66,3.74,3.35,3.50,1327200,3.50
NASDAQ,DYAX,2009-12-08,3.80,3.84,3.63,3.64,1173600,3.64
NASDAQ,DYAX,2009-12-07,3.96,3.97,3.80,3.85,961300,3.85
NASDAQ,DYAX,2009-12-04,4.00,4.01,3.81,3.96,1277700,3.96
NASDAQ,DYAX,2009-12-03,3.97,4.00,3.63,3.96,5706200,3.96
NASDAQ,DYAX,2009-12-02,4.45,4.69,4.11,4.23,17580400,4.23
NASDAQ,DYAX,2009-12-01,3.80,3.99,3.40,3.50,2588600,3.50
NASDAQ,DYAX,2009-11-30,4.12,4.21,3.63,3.73,3504900,3.73
NASDAQ,DYAX,2009-11-27,3.87,4.08,3.83,4.08,451800,4.08
NASDAQ,DYAX,2009-11-25,3.93,4.11,3.82,4.03,964200,4.03
NASDAQ,DYAX,2009-11-24,3.80,3.96,3.75,3.90,470000,3.90
NASDAQ,DYAX,2009-11-23,3.94,4.00,3.74,3.89,570400,3.89
NASDAQ,DYAX,2009-11-20,3.79,4.02,3.69,3.91,816400,3.91
NASDAQ,DYAX,2009-11-19,3.80,3.93,3.65,3.65,357800,3.65
NASDAQ,DYAX,2009-11-18,3.94,4.03,3.73,3.82,611400,3.82
NASDAQ,DYAX,2009-11-17,3.70,4.14,3.62,3.96,1747200,3.96
NASDAQ,DYAX,2009-11-16,3.26,3.77,3.20,3.77,664300,3.77
NASDAQ,DYAX,2009-11-13,3.19,3.25,3.16,3.23,397600,3.23
NASDAQ,DYAX,2009-11-12,3.23,3.27,3.10,3.19,729300,3.19
NASDAQ,DYAX,2009-11-11,3.24,3.36,3.16,3.22,423500,3.22
NASDAQ,DYAX,2009-11-10,3.35,3.36,3.17,3.19,244400,3.19
NASDAQ,DYAX,2009-11-09,3.32,3.40,3.30,3.38,239900,3.38
NASDAQ,DYAX,2009-11-06,3.12,3.25,3.11,3.25,182800,3.25
NASDAQ,DYAX,2009-11-05,3.12,3.24,3.12,3.17,225200,3.17
NASDAQ,DYAX,2009-11-04,3.40,3.40,3.06,3.08,389800,3.08
NASDAQ,DYAX,2009-11-03,3.28,3.40,3.23,3.40,201000,3.40
NASDAQ,DYAX,2009-11-02,3.15,3.35,3.15,3.31,215900,3.31
NASDAQ,DYAX,2009-10-30,3.27,3.29,3.12,3.14,1040300,3.14
NASDAQ,DYAX,2009-10-29,3.19,3.35,3.19,3.30,411400,3.30
NASDAQ,DYAX,2009-10-28,3.25,3.48,3.15,3.17,626500,3.17
NASDAQ,DYAX,2009-10-27,3.11,3.20,3.07,3.19,320100,3.19
NASDAQ,DYAX,2009-10-26,3.05,3.15,3.01,3.10,266700,3.10
NASDAQ,DYAX,2009-10-23,3.06,3.08,2.99,3.06,238000,3.06
NASDAQ,DYAX,2009-10-22,3.11,3.11,2.97,3.06,324500,3.06
NASDAQ,DYAX,2009-10-21,3.15,3.25,3.10,3.11,306000,3.11
NASDAQ,DYAX,2009-10-20,3.03,3.18,3.01,3.15,694000,3.15
NASDAQ,DYAX,2009-10-19,3.15,3.19,2.97,3.02,447700,3.02
NASDAQ,DYAX,2009-10-16,3.18,3.30,3.13,3.14,341900,3.14
NASDAQ,DYAX,2009-10-15,3.36,3.50,3.18,3.18,374800,3.18
NASDAQ,DYAX,2009-10-14,3.35,3.41,3.31,3.40,156600,3.40
NASDAQ,DYAX,2009-10-13,3.60,3.61,3.30,3.32,324900,3.32
NASDAQ,DYAX,2009-10-12,3.43,3.59,3.33,3.38,238500,3.38
NASDAQ,DYAX,2009-10-09,3.31,3.49,3.31,3.38,246500,3.38
NASDAQ,DYAX,2009-10-08,3.37,3.39,3.28,3.32,141800,3.32
NASDAQ,DYAX,2009-10-07,3.28,3.44,3.20,3.34,138400,3.34
NASDAQ,DYAX,2009-10-06,3.35,3.43,3.25,3.30,175700,3.30
NASDAQ,DYAX,2009-10-05,3.20,3.35,3.18,3.33,264200,3.33
NASDAQ,DYAX,2009-10-02,3.17,3.30,3.15,3.17,487900,3.17
NASDAQ,DYAX,2009-10-01,3.59,3.65,3.16,3.17,717700,3.17
NASDAQ,DYAX,2009-09-30,3.83,3.83,3.59,3.59,934600,3.59
NASDAQ,DYAX,2009-09-29,4.13,4.18,4.07,4.07,138000,4.07
NASDAQ,DYAX,2009-09-28,4.24,4.25,4.02,4.14,184200,4.14
NASDAQ,DYAX,2009-09-25,3.84,4.23,3.84,4.23,326200,4.23
NASDAQ,DYAX,2009-09-24,3.84,3.85,3.77,3.84,214500,3.84
NASDAQ,DYAX,2009-09-23,3.91,3.97,3.81,3.83,315100,3.83
NASDAQ,DYAX,2009-09-22,4.20,4.23,3.91,3.91,316900,3.91
NASDAQ,DYAX,2009-09-21,4.28,4.39,4.18,4.18,259600,4.18
NASDAQ,DYAX,2009-09-18,4.03,4.37,3.95,4.34,469300,4.34
NASDAQ,DYAX,2009-09-17,4.06,4.10,3.97,4.02,173100,4.02
NASDAQ,DYAX,2009-09-16,4.13,4.15,4.03,4.10,111000,4.10
NASDAQ,DYAX,2009-09-15,4.10,4.19,4.02,4.12,100600,4.12
NASDAQ,DYAX,2009-09-14,4.09,4.11,3.96,4.09,249400,4.09
NASDAQ,DYAX,2009-09-11,3.99,4.21,3.95,4.11,339900,4.11
NASDAQ,DYAX,2009-09-10,3.83,4.14,3.78,3.88,776700,3.88
NASDAQ,DYAX,2009-09-09,3.67,3.74,3.59,3.69,179400,3.69
NASDAQ,DYAX,2009-09-08,3.68,3.75,3.64,3.66,131800,3.66
NASDAQ,DYAX,2009-09-04,3.58,3.65,3.48,3.65,182800,3.65
NASDAQ,DYAX,2009-09-03,3.52,3.60,3.45,3.60,114300,3.60
NASDAQ,DYAX,2009-09-02,3.55,3.65,3.48,3.51,96000,3.51
NASDAQ,DYAX,2009-09-01,3.60,3.73,3.57,3.59,317900,3.59
NASDAQ,DYAX,2009-08-31,3.61,3.66,3.51,3.64,327000,3.64
NASDAQ,DYAX,2009-08-28,3.70,3.72,3.57,3.63,176800,3.63
NASDAQ,DYAX,2009-08-27,3.62,3.68,3.57,3.67,182200,3.67
NASDAQ,DYAX,2009-08-26,3.75,3.80,3.55,3.58,311800,3.58
NASDAQ,DYAX,2009-08-25,3.65,3.73,3.59,3.59,119100,3.59
NASDAQ,DYAX,2009-08-24,3.73,3.73,3.64,3.65,82000,3.65
NASDAQ,DYAX,2009-08-21,3.74,3.78,3.66,3.73,278500,3.73
NASDAQ,DYAX,2009-08-20,3.62,3.69,3.53,3.69,112300,3.69
NASDAQ,DYAX,2009-08-19,3.36,3.66,3.32,3.62,113300,3.62
NASDAQ,DYAX,2009-08-18,3.32,3.49,3.31,3.41,97700,3.41
NASDAQ,DYAX,2009-08-17,3.46,3.50,3.27,3.31,241200,3.31
NASDAQ,DYAX,2009-08-14,3.72,3.75,3.47,3.52,149300,3.52
NASDAQ,DYAX,2009-08-13,3.80,3.80,3.69,3.73,73400,3.73
NASDAQ,DYAX,2009-08-12,3.63,3.80,3.55,3.77,185900,3.77
NASDAQ,DYAX,2009-08-11,3.72,3.77,3.60,3.61,149800,3.61
NASDAQ,DYAX,2009-08-10,3.73,3.80,3.70,3.76,195200,3.76
NASDAQ,DYAX,2009-08-07,3.77,3.81,3.72,3.77,164800,3.77
NASDAQ,DYAX,2009-08-06,3.61,3.72,3.61,3.70,219000,3.70
NASDAQ,DYAX,2009-08-05,3.75,3.75,3.65,3.72,146600,3.72
NASDAQ,DYAX,2009-08-04,3.77,3.83,3.58,3.76,301500,3.76
NASDAQ,DYAX,2009-08-03,3.84,3.96,3.68,3.81,276500,3.81
NASDAQ,DYAX,2009-07-31,4.05,4.09,3.79,3.79,914000,3.79
NASDAQ,DYAX,2009-07-30,4.10,4.22,3.97,4.01,570600,4.01
NASDAQ,DYAX,2009-07-29,3.96,4.09,3.60,4.03,624300,4.03
NASDAQ,DYAX,2009-07-28,4.11,4.12,3.86,4.00,286200,4.00
NASDAQ,DYAX,2009-07-27,3.96,4.15,3.92,4.12,488200,4.12
NASDAQ,DYAX,2009-07-24,3.70,3.95,3.69,3.91,282800,3.91
NASDAQ,DYAX,2009-07-23,3.56,3.99,3.56,3.72,852300,3.72
NASDAQ,DYAX,2009-07-22,3.39,3.70,3.31,3.46,829100,3.46
NASDAQ,DYAX,2009-07-21,3.30,3.40,3.24,3.35,301900,3.35
NASDAQ,DYAX,2009-07-20,3.15,3.28,3.10,3.26,199000,3.26
NASDAQ,DYAX,2009-07-17,3.22,3.26,3.07,3.12,145100,3.12
NASDAQ,DYAX,2009-07-16,3.17,3.32,3.14,3.19,196700,3.19
NASDAQ,DYAX,2009-07-15,3.14,3.26,2.91,3.20,368800,3.20
NASDAQ,DYAX,2009-07-14,3.22,3.24,3.06,3.10,194100,3.10
NASDAQ,DYAX,2009-07-13,3.07,3.32,2.95,3.23,505500,3.23
NASDAQ,DYAX,2009-07-10,2.84,3.09,2.81,3.07,268000,3.07
NASDAQ,DYAX,2009-07-09,2.80,3.10,2.80,2.87,552100,2.87
NASDAQ,DYAX,2009-07-08,2.88,2.98,2.73,2.82,904700,2.82
NASDAQ,DYAX,2009-07-07,2.69,3.13,2.61,2.88,1087200,2.88
NASDAQ,DYAX,2009-07-06,2.34,2.70,2.34,2.68,560100,2.68
NASDAQ,DYAX,2009-07-02,2.15,2.42,2.13,2.34,471400,2.34
NASDAQ,DYAX,2009-07-01,2.15,2.25,2.13,2.19,321500,2.19
NASDAQ,DYAX,2009-06-30,2.08,2.18,2.07,2.14,330700,2.14
NASDAQ,DYAX,2009-06-29,2.13,2.14,2.06,2.08,362000,2.08
NASDAQ,DYAX,2009-06-26,2.08,2.19,2.04,2.18,888300,2.18
NASDAQ,DYAX,2009-06-25,2.00,2.10,1.97,2.10,284000,2.10
NASDAQ,DYAX,2009-06-24,2.05,2.06,2.00,2.02,122500,2.02
NASDAQ,DYAX,2009-06-23,2.00,2.12,1.98,2.02,251300,2.02
NASDAQ,DYAX,2009-06-22,2.08,2.09,2.00,2.00,271500,2.00
NASDAQ,DYAX,2009-06-19,2.06,2.06,2.00,2.06,356300,2.06
NASDAQ,DYAX,2009-06-18,2.01,2.05,1.95,2.02,182900,2.02
NASDAQ,DYAX,2009-06-17,2.06,2.06,1.97,2.01,145100,2.01
NASDAQ,DYAX,2009-06-16,2.02,2.08,2.01,2.03,227900,2.03
NASDAQ,DYAX,2009-06-15,2.09,2.15,1.96,1.97,210000,1.97
NASDAQ,DYAX,2009-06-12,2.00,2.08,2.00,2.08,139900,2.08
NASDAQ,DYAX,2009-06-11,2.00,2.05,1.95,2.01,240600,2.01
NASDAQ,DYAX,2009-06-10,2.10,2.13,1.97,2.00,371700,2.00
NASDAQ,DYAX,2009-06-09,2.25,2.26,2.07,2.08,558400,2.08
NASDAQ,DYAX,2009-06-08,2.10,2.28,1.92,2.13,2212800,2.13
NASDAQ,DYAX,2009-06-05,1.87,1.91,1.80,1.87,405200,1.87
NASDAQ,DYAX,2009-06-04,1.87,1.89,1.68,1.83,750500,1.83
NASDAQ,DYAX,2009-06-03,1.65,1.72,1.61,1.64,531100,1.64
NASDAQ,DYAX,2009-06-02,1.83,1.85,1.55,1.57,3116900,1.57
NASDAQ,DYAX,2009-06-01,1.95,1.99,1.65,1.65,1183500,1.65
NASDAQ,DYAX,2009-05-29,2.14,2.16,2.00,2.00,320600,2.00
NASDAQ,DYAX,2009-05-28,2.04,2.16,2.02,2.14,172200,2.14
NASDAQ,DYAX,2009-05-27,2.10,2.16,2.00,2.01,75900,2.01
NASDAQ,DYAX,2009-05-26,2.03,2.13,1.97,2.12,140400,2.12
NASDAQ,DYAX,2009-05-22,2.00,2.06,1.96,1.96,61200,1.96
NASDAQ,DYAX,2009-05-21,2.06,2.06,1.97,1.98,135500,1.98
NASDAQ,DYAX,2009-05-20,2.19,2.26,2.08,2.09,108700,2.09
NASDAQ,DYAX,2009-05-19,2.18,2.18,2.10,2.16,81700,2.16
NASDAQ,DYAX,2009-05-18,2.09,2.21,2.05,2.17,118600,2.17
NASDAQ,DYAX,2009-05-15,2.14,2.14,2.01,2.05,100500,2.05
NASDAQ,DYAX,2009-05-14,2.03,2.15,2.00,2.09,90000,2.09
NASDAQ,DYAX,2009-05-13,2.17,2.18,2.00,2.01,160400,2.01
NASDAQ,DYAX,2009-05-12,2.25,2.31,2.14,2.22,138600,2.22
NASDAQ,DYAX,2009-05-11,2.05,2.26,2.05,2.25,183800,2.25
NASDAQ,DYAX,2009-05-08,2.01,2.10,1.99,2.09,164700,2.09
NASDAQ,DYAX,2009-05-07,2.00,2.03,1.96,1.98,135200,1.98
NASDAQ,DYAX,2009-05-06,2.03,2.06,1.96,1.99,130600,1.99
NASDAQ,DYAX,2009-05-05,2.02,2.03,1.99,2.00,88900,2.00
NASDAQ,DYAX,2009-05-04,2.03,2.06,1.99,2.04,165600,2.04
NASDAQ,DYAX,2009-05-01,1.96,2.02,1.95,2.01,145400,2.01
NASDAQ,DYAX,2009-04-30,2.08,2.08,1.96,1.96,150600,1.96
NASDAQ,DYAX,2009-04-29,2.00,2.04,1.98,2.04,181500,2.04
NASDAQ,DYAX,2009-04-28,1.95,1.97,1.92,1.97,226200,1.97
NASDAQ,DYAX,2009-04-27,2.04,2.15,1.94,1.94,192200,1.94
NASDAQ,DYAX,2009-04-24,2.02,2.12,2.00,2.09,189600,2.09
NASDAQ,DYAX,2009-04-23,2.06,2.06,1.94,2.00,237700,2.00
NASDAQ,DYAX,2009-04-22,2.00,2.21,2.00,2.06,188300,2.06
NASDAQ,DYAX,2009-04-21,1.98,2.20,1.94,2.17,240400,2.17
NASDAQ,DYAX,2009-04-20,1.95,2.02,1.90,2.00,236400,2.00
NASDAQ,DYAX,2009-04-17,2.05,2.05,1.98,2.01,195300,2.01
NASDAQ,DYAX,2009-04-16,2.07,2.10,1.98,2.04,151200,2.04
NASDAQ,DYAX,2009-04-15,1.96,2.06,1.95,2.06,91900,2.06
NASDAQ,DYAX,2009-04-14,2.15,2.16,1.82,1.97,677200,1.97
NASDAQ,DYAX,2009-04-13,2.17,2.18,2.09,2.13,141900,2.13
NASDAQ,DYAX,2009-04-09,2.25,2.26,2.06,2.20,286200,2.20
NASDAQ,DYAX,2009-04-08,2.20,2.20,2.11,2.20,126400,2.20
NASDAQ,DYAX,2009-04-07,2.17,2.22,2.15,2.17,189300,2.17
NASDAQ,DYAX,2009-04-06,2.32,2.46,2.00,2.20,950900,2.20
NASDAQ,DYAX,2009-04-03,2.45,2.57,2.30,2.37,100500,2.37
NASDAQ,DYAX,2009-04-02,2.45,2.57,2.36,2.45,585100,2.45
NASDAQ,DYAX,2009-04-01,2.46,2.50,2.28,2.40,258400,2.40
NASDAQ,DYAX,2009-03-31,2.58,2.60,2.43,2.51,152300,2.51
NASDAQ,DYAX,2009-03-30,2.59,2.89,2.48,2.53,396000,2.53
NASDAQ,DYAX,2009-03-27,2.46,2.82,2.42,2.59,1016500,2.59
NASDAQ,DYAX,2009-03-26,2.75,2.86,2.60,2.75,352300,2.75
NASDAQ,DYAX,2009-03-25,2.59,3.00,2.44,2.70,367100,2.70
NASDAQ,DYAX,2009-03-24,2.78,2.95,2.54,2.57,233100,2.57
NASDAQ,DYAX,2009-03-23,2.47,2.94,2.47,2.82,326400,2.82
NASDAQ,DYAX,2009-03-20,2.60,2.69,2.40,2.41,471600,2.41
NASDAQ,DYAX,2009-03-19,2.60,2.60,2.44,2.56,127000,2.56
NASDAQ,DYAX,2009-03-18,2.40,2.60,2.34,2.59,224700,2.59
NASDAQ,DYAX,2009-03-17,2.25,2.41,2.22,2.41,125800,2.41
NASDAQ,DYAX,2009-03-16,2.60,2.60,2.20,2.25,130900,2.25
NASDAQ,DYAX,2009-03-13,2.48,2.60,2.42,2.53,193700,2.53
NASDAQ,DYAX,2009-03-12,2.31,2.54,2.30,2.50,246700,2.50
NASDAQ,DYAX,2009-03-11,2.30,2.49,2.30,2.31,191400,2.31
NASDAQ,DYAX,2009-03-10,2.16,2.34,2.14,2.29,255200,2.29
NASDAQ,DYAX,2009-03-09,2.15,2.43,2.06,2.10,134000,2.10
NASDAQ,DYAX,2009-03-06,2.11,2.29,2.07,2.17,141600,2.17
NASDAQ,DYAX,2009-03-05,2.34,2.35,2.04,2.07,243800,2.07
NASDAQ,DYAX,2009-03-04,2.49,2.49,2.29,2.40,410500,2.40
NASDAQ,DYAX,2009-03-03,2.18,2.51,2.00,2.50,3090400,2.50
NASDAQ,DYAX,2009-03-02,1.80,3.13,1.80,2.16,2019500,2.16
NASDAQ,DYAX,2009-02-27,1.86,1.97,1.86,1.88,266400,1.88
NASDAQ,DYAX,2009-02-26,1.95,1.99,1.89,1.90,309300,1.90
NASDAQ,DYAX,2009-02-25,2.03,2.11,1.97,1.97,245300,1.97
NASDAQ,DYAX,2009-02-24,1.91,2.03,1.86,2.01,255000,2.01
NASDAQ,DYAX,2009-02-23,2.03,2.06,1.86,1.89,206600,1.89
NASDAQ,DYAX,2009-02-20,2.00,2.10,1.99,2.00,158000,2.00
NASDAQ,DYAX,2009-02-19,2.10,2.15,2.01,2.04,165700,2.04
NASDAQ,DYAX,2009-02-18,2.03,2.14,2.01,2.06,251700,2.06
NASDAQ,DYAX,2009-02-17,2.06,2.06,1.99,2.01,177100,2.01
NASDAQ,DYAX,2009-02-13,2.11,2.21,1.96,2.09,331900,2.09
NASDAQ,DYAX,2009-02-12,2.35,2.35,1.98,2.11,559800,2.11
NASDAQ,DYAX,2009-02-11,2.35,2.40,2.06,2.39,634100,2.39
NASDAQ,DYAX,2009-02-10,2.40,2.52,2.31,2.31,260500,2.31
NASDAQ,DYAX,2009-02-09,2.52,2.55,2.40,2.42,251000,2.42
NASDAQ,DYAX,2009-02-06,2.68,2.94,2.48,2.52,668700,2.52
NASDAQ,DYAX,2009-02-05,2.90,3.05,2.10,2.66,1373800,2.66
NASDAQ,DYAX,2009-02-04,2.98,2.98,2.98,2.98,000,2.98
NASDAQ,DYAX,2009-02-03,3.40,3.40,2.92,2.98,1245300,2.98
NASDAQ,DYAX,2009-02-02,3.24,3.67,3.08,3.37,1209700,3.37
NASDAQ,DYAX,2009-01-30,3.22,3.59,3.22,3.36,210700,3.36
NASDAQ,DYAX,2009-01-29,3.31,3.43,3.10,3.12,215300,3.12
NASDAQ,DYAX,2009-01-28,3.18,3.35,3.11,3.35,155900,3.35
NASDAQ,DYAX,2009-01-27,2.90,3.13,2.89,3.11,112800,3.11
NASDAQ,DYAX,2009-01-26,2.78,2.99,2.78,2.85,218500,2.85
NASDAQ,DYAX,2009-01-23,2.83,2.99,2.77,2.79,112500,2.79
NASDAQ,DYAX,2009-01-22,3.03,3.11,2.82,2.88,99500,2.88
NASDAQ,DYAX,2009-01-21,2.94,3.13,2.89,3.10,195800,3.10
NASDAQ,DYAX,2009-01-20,3.14,3.17,2.86,2.88,161800,2.88
NASDAQ,DYAX,2009-01-16,3.38,3.38,3.05,3.13,146800,3.13
NASDAQ,DYAX,2009-01-15,3.24,3.37,2.86,3.36,185800,3.36
NASDAQ,DYAX,2009-01-14,3.39,3.39,3.21,3.24,119500,3.24
NASDAQ,DYAX,2009-01-13,3.47,3.60,3.36,3.44,122800,3.44
NASDAQ,DYAX,2009-01-12,3.47,3.56,3.35,3.48,228600,3.48
NASDAQ,DYAX,2009-01-09,3.63,3.68,3.39,3.47,271100,3.47
NASDAQ,DYAX,2009-01-08,3.52,3.65,3.42,3.63,305800,3.63
NASDAQ,DYAX,2009-01-07,3.57,3.60,3.40,3.53,363500,3.53
NASDAQ,DYAX,2009-01-06,3.53,3.73,3.35,3.64,266600,3.64
NASDAQ,DYAX,2009-01-05,3.63,3.69,3.28,3.54,197100,3.54
NASDAQ,DYAX,2009-01-02,3.63,3.84,3.55,3.63,237600,3.63
NASDAQ,DYAX,2008-12-31,3.22,3.75,3.10,3.64,409700,3.64
NASDAQ,DYAX,2008-12-30,3.33,3.40,3.05,3.20,138300,3.20
NASDAQ,DYAX,2008-12-29,3.60,3.64,3.25,3.30,72900,3.30
NASDAQ,DYAX,2008-12-26,3.41,3.64,3.26,3.60,119000,3.60
NASDAQ,DYAX,2008-12-24,3.52,3.57,3.27,3.40,45500,3.40
NASDAQ,DYAX,2008-12-23,3.50,3.67,3.38,3.40,103000,3.40
NASDAQ,DYAX,2008-12-22,3.61,3.71,3.22,3.52,198900,3.52
NASDAQ,DYAX,2008-12-19,3.64,3.85,3.37,3.60,451500,3.60
NASDAQ,DYAX,2008-12-18,3.49,3.68,3.34,3.47,239300,3.47
NASDAQ,DYAX,2008-12-17,3.27,3.53,3.22,3.40,260700,3.40
NASDAQ,DYAX,2008-12-16,3.14,3.44,3.12,3.30,207600,3.30
NASDAQ,DYAX,2008-12-15,3.29,3.36,3.17,3.24,79300,3.24
NASDAQ,DYAX,2008-12-12,3.14,3.29,3.02,3.29,122500,3.29
NASDAQ,DYAX,2008-12-11,3.26,3.40,3.13,3.15,156300,3.15
NASDAQ,DYAX,2008-12-10,3.36,3.43,3.21,3.30,159500,3.30
NASDAQ,DYAX,2008-12-09,3.29,3.63,3.23,3.33,265400,3.33
NASDAQ,DYAX,2008-12-08,2.90,3.34,2.90,3.32,505300,3.32
NASDAQ,DYAX,2008-12-05,2.27,2.89,2.25,2.87,333900,2.87
NASDAQ,DYAX,2008-12-04,2.13,2.51,2.13,2.30,217100,2.30
NASDAQ,DYAX,2008-12-03,2.10,2.54,2.01,2.48,544100,2.48
NASDAQ,DYAX,2008-12-02,2.26,2.39,2.05,2.15,609900,2.15
NASDAQ,DYAX,2008-12-01,2.55,2.55,2.11,2.15,278200,2.15
NASDAQ,DYAX,2008-11-28,2.62,2.90,2.42,2.60,96800,2.60
NASDAQ,DYAX,2008-11-26,2.33,2.75,2.33,2.73,275800,2.73
NASDAQ,DYAX,2008-11-25,2.34,2.43,2.15,2.37,172000,2.37
NASDAQ,DYAX,2008-11-24,2.48,2.70,2.25,2.33,487300,2.33
NASDAQ,DYAX,2008-11-21,2.53,3.29,1.94,2.40,666700,2.40
NASDAQ,DYAX,2008-11-20,2.60,2.71,2.37,2.51,412000,2.51
NASDAQ,DYAX,2008-11-19,3.00,3.18,2.55,2.62,315300,2.62
NASDAQ,DYAX,2008-11-18,3.15,3.22,2.85,2.97,261000,2.97
NASDAQ,DYAX,2008-11-17,3.29,3.41,3.13,3.23,143200,3.23
NASDAQ,DYAX,2008-11-14,3.44,3.75,3.25,3.30,253600,3.30
NASDAQ,DYAX,2008-11-13,2.87,3.50,2.74,3.48,292400,3.48
NASDAQ,DYAX,2008-11-12,3.03,3.22,2.86,2.87,145000,2.87
NASDAQ,DYAX,2008-11-11,3.09,3.31,3.00,3.06,153600,3.06
NASDAQ,DYAX,2008-11-10,3.41,3.58,3.09,3.11,182700,3.11
NASDAQ,DYAX,2008-11-07,3.36,3.45,3.19,3.38,104500,3.38
NASDAQ,DYAX,2008-11-06,3.27,3.56,3.27,3.35,92500,3.35
NASDAQ,DYAX,2008-11-05,3.65,3.65,3.23,3.29,228300,3.29
NASDAQ,DYAX,2008-11-04,3.50,3.72,3.41,3.68,229900,3.68
NASDAQ,DYAX,2008-11-03,3.35,3.48,3.16,3.41,1443900,3.41
NASDAQ,DYAX,2008-10-31,3.28,3.52,3.14,3.35,867500,3.35
NASDAQ,DYAX,2008-10-30,3.35,3.48,3.24,3.29,405200,3.29
NASDAQ,DYAX,2008-10-29,3.28,3.49,3.18,3.29,371800,3.29
NASDAQ,DYAX,2008-10-28,2.93,3.38,2.81,3.26,302600,3.26
NASDAQ,DYAX,2008-10-27,3.10,3.25,2.85,2.88,204300,2.88
NASDAQ,DYAX,2008-10-24,3.09,3.34,3.09,3.14,143800,3.14
NASDAQ,DYAX,2008-10-23,3.38,3.47,3.00,3.33,282200,3.33
NASDAQ,DYAX,2008-10-22,3.70,3.90,3.35,3.41,317400,3.41
NASDAQ,DYAX,2008-10-21,3.92,4.00,3.80,3.87,223200,3.87
NASDAQ,DYAX,2008-10-20,3.88,4.00,3.76,4.00,333500,4.00
NASDAQ,DYAX,2008-10-17,3.58,4.08,2.90,3.78,343500,3.78
NASDAQ,DYAX,2008-10-16,3.39,3.90,3.28,3.80,327800,3.80
NASDAQ,DYAX,2008-10-15,3.94,3.96,3.36,3.36,203500,3.36
NASDAQ,DYAX,2008-10-14,4.11,4.20,3.71,3.99,320000,3.99
NASDAQ,DYAX,2008-10-13,3.15,4.23,3.15,4.14,524400,4.14
NASDAQ,DYAX,2008-10-10,2.87,3.21,2.35,3.05,624000,3.05
NASDAQ,DYAX,2008-10-09,3.42,3.64,2.89,2.89,276500,2.89
NASDAQ,DYAX,2008-10-08,3.04,3.57,2.86,3.32,346000,3.32
NASDAQ,DYAX,2008-10-07,3.54,3.96,3.11,3.11,250000,3.11
NASDAQ,DYAX,2008-10-06,3.38,3.62,3.22,3.51,434000,3.51
NASDAQ,DYAX,2008-10-03,3.94,4.10,3.22,3.50,886100,3.50
NASDAQ,DYAX,2008-10-02,4.05,4.41,3.88,3.90,166700,3.90
NASDAQ,DYAX,2008-10-01,4.38,4.53,4.28,4.29,147400,4.29
NASDAQ,DYAX,2008-09-30,4.41,4.62,4.19,4.40,388000,4.40
NASDAQ,DYAX,2008-09-29,4.47,4.66,4.23,4.37,491700,4.37
NASDAQ,DYAX,2008-09-26,4.60,4.68,4.47,4.50,353000,4.50
NASDAQ,DYAX,2008-09-25,4.48,4.75,4.43,4.63,193400,4.63
NASDAQ,DYAX,2008-09-24,4.72,4.79,4.48,4.48,221400,4.48
NASDAQ,DYAX,2008-09-23,4.75,4.86,4.61,4.61,166300,4.61
NASDAQ,DYAX,2008-09-22,4.96,5.02,4.72,4.74,174300,4.74
NASDAQ,DYAX,2008-09-19,5.06,5.06,4.70,4.99,1084000,4.99
NASDAQ,DYAX,2008-09-18,4.73,4.95,4.62,4.82,708300,4.82
NASDAQ,DYAX,2008-09-17,4.76,4.80,4.52,4.60,227200,4.60
NASDAQ,DYAX,2008-09-16,4.51,4.80,4.31,4.79,398800,4.79
NASDAQ,DYAX,2008-09-15,4.65,4.83,4.52,4.58,272500,4.58
NASDAQ,DYAX,2008-09-12,4.77,4.84,4.67,4.80,102100,4.80
NASDAQ,DYAX,2008-09-11,4.82,4.93,4.67,4.82,231500,4.82
NASDAQ,DYAX,2008-09-10,4.70,4.82,4.60,4.82,188300,4.82
NASDAQ,DYAX,2008-09-09,4.70,4.79,4.58,4.60,262700,4.60
NASDAQ,DYAX,2008-09-08,4.74,4.80,4.60,4.68,147900,4.68
NASDAQ,DYAX,2008-09-05,4.64,4.81,4.49,4.64,169200,4.64
NASDAQ,DYAX,2008-09-04,4.83,4.83,4.62,4.64,264000,4.64
NASDAQ,DYAX,2008-09-03,4.77,4.89,4.65,4.85,156800,4.85
NASDAQ,DYAX,2008-09-02,4.88,4.90,4.70,4.77,192600,4.77
NASDAQ,DYAX,2008-08-29,4.84,4.95,4.68,4.80,143500,4.80
NASDAQ,DYAX,2008-08-28,4.68,4.82,4.60,4.82,318000,4.82
NASDAQ,DYAX,2008-08-27,4.76,4.79,4.60,4.69,109100,4.69
NASDAQ,DYAX,2008-08-26,4.69,4.79,4.67,4.77,178400,4.77
NASDAQ,DYAX,2008-08-25,4.70,4.82,4.63,4.70,213200,4.70
NASDAQ,DYAX,2008-08-22,4.61,4.72,4.56,4.70,238100,4.70
NASDAQ,DYAX,2008-08-21,4.64,4.69,4.55,4.62,274500,4.62
NASDAQ,DYAX,2008-08-20,4.64,4.73,4.50,4.66,251300,4.66
NASDAQ,DYAX,2008-08-19,4.94,4.96,4.42,4.58,602100,4.58
NASDAQ,DYAX,2008-08-18,5.33,5.35,4.69,5.00,3036600,5.00
NASDAQ,DYAX,2008-08-15,4.65,4.65,4.30,4.33,177000,4.33
NASDAQ,DYAX,2008-08-14,4.52,4.60,4.40,4.58,122100,4.58
NASDAQ,DYAX,2008-08-13,4.52,4.56,4.46,4.50,157800,4.50
NASDAQ,DYAX,2008-08-12,4.40,4.55,4.29,4.48,168500,4.48
NASDAQ,DYAX,2008-08-11,4.18,4.41,4.02,4.38,203700,4.38
NASDAQ,DYAX,2008-08-08,3.98,4.22,3.98,4.19,202100,4.19
NASDAQ,DYAX,2008-08-07,4.63,4.63,3.79,3.96,573000,3.96
NASDAQ,DYAX,2008-08-06,4.51,4.64,4.35,4.57,288600,4.57
NASDAQ,DYAX,2008-08-05,4.50,4.50,4.45,4.50,161400,4.50
NASDAQ,DYAX,2008-08-04,4.53,4.53,4.18,4.49,192100,4.49
NASDAQ,DYAX,2008-08-01,4.30,4.53,4.20,4.50,252000,4.50
NASDAQ,DYAX,2008-07-31,4.23,4.45,4.23,4.31,148200,4.31
NASDAQ,DYAX,2008-07-30,4.22,4.39,4.15,4.24,192300,4.24
NASDAQ,DYAX,2008-07-29,4.36,4.44,4.25,4.29,148500,4.29
NASDAQ,DYAX,2008-07-28,4.36,4.45,4.30,4.35,168900,4.35
NASDAQ,DYAX,2008-07-25,4.35,4.40,4.20,4.38,162400,4.38
NASDAQ,DYAX,2008-07-24,4.22,4.35,4.22,4.32,305600,4.32
NASDAQ,DYAX,2008-07-23,4.25,4.33,4.15,4.20,473200,4.20
NASDAQ,DYAX,2008-07-22,4.19,4.30,4.08,4.17,355100,4.17
NASDAQ,DYAX,2008-07-21,3.81,4.05,3.80,4.02,328300,4.02
NASDAQ,DYAX,2008-07-18,3.70,3.73,3.58,3.71,140100,3.71
NASDAQ,DYAX,2008-07-17,3.71,3.82,3.66,3.70,112600,3.70
NASDAQ,DYAX,2008-07-16,3.67,3.80,3.60,3.71,269400,3.71
NASDAQ,DYAX,2008-07-15,3.53,3.85,3.53,3.63,762000,3.63
NASDAQ,DYAX,2008-07-14,3.36,3.51,3.21,3.50,135800,3.50
NASDAQ,DYAX,2008-07-11,3.14,3.33,3.07,3.33,142400,3.33
NASDAQ,DYAX,2008-07-10,3.08,3.29,3.04,3.17,110600,3.17
NASDAQ,DYAX,2008-07-09,3.13,3.34,3.00,3.09,138500,3.09
NASDAQ,DYAX,2008-07-08,2.94,3.15,2.81,3.14,160900,3.14
NASDAQ,DYAX,2008-07-07,2.95,3.03,2.80,2.92,188200,2.92
NASDAQ,DYAX,2008-07-03,3.09,3.09,2.91,2.91,81800,2.91
NASDAQ,DYAX,2008-07-02,3.09,3.14,2.97,3.10,360900,3.10
NASDAQ,DYAX,2008-07-01,3.06,3.24,3.00,3.12,299000,3.12
NASDAQ,DYAX,2008-06-30,3.31,3.37,3.05,3.10,323000,3.10
NASDAQ,DYAX,2008-06-27,3.32,3.38,3.24,3.32,5889300,3.32
NASDAQ,DYAX,2008-06-26,3.25,3.33,3.20,3.33,127200,3.33
NASDAQ,DYAX,2008-06-25,3.28,3.36,3.24,3.26,99200,3.26
NASDAQ,DYAX,2008-06-24,3.40,3.40,3.18,3.31,165900,3.31
NASDAQ,DYAX,2008-06-23,3.51,3.70,3.34,3.35,171200,3.35
NASDAQ,DYAX,2008-06-20,3.61,3.79,3.55,3.76,136800,3.76
NASDAQ,DYAX,2008-06-19,3.58,3.64,3.52,3.58,78000,3.58
NASDAQ,DYAX,2008-06-18,3.72,3.77,3.53,3.55,129400,3.55
NASDAQ,DYAX,2008-06-17,3.72,3.79,3.67,3.68,114100,3.68
NASDAQ,DYAX,2008-06-16,3.68,3.80,3.68,3.71,134900,3.71
NASDAQ,DYAX,2008-06-13,3.79,3.89,3.62,3.65,147200,3.65
NASDAQ,DYAX,2008-06-12,3.75,3.83,3.70,3.80,87600,3.80
NASDAQ,DYAX,2008-06-11,3.80,3.81,3.72,3.72,79500,3.72
NASDAQ,DYAX,2008-06-10,3.88,3.88,3.76,3.79,84100,3.79
NASDAQ,DYAX,2008-06-09,4.16,4.16,3.76,3.87,137200,3.87
NASDAQ,DYAX,2008-06-06,4.05,4.17,3.93,4.12,164900,4.12
NASDAQ,DYAX,2008-06-05,3.83,4.06,3.83,4.06,157800,4.06
NASDAQ,DYAX,2008-06-04,3.81,3.89,3.73,3.85,118300,3.85
NASDAQ,DYAX,2008-06-03,3.75,3.81,3.72,3.74,221200,3.74
NASDAQ,DYAX,2008-06-02,3.71,3.81,3.68,3.72,302700,3.72
NASDAQ,DYAX,2008-05-30,3.77,3.94,3.58,3.68,224800,3.68
NASDAQ,DYAX,2008-05-29,3.70,3.86,3.65,3.80,77000,3.80
NASDAQ,DYAX,2008-05-28,3.87,3.87,3.61,3.73,75200,3.73
NASDAQ,DYAX,2008-05-27,3.81,3.86,3.60,3.84,90700,3.84
NASDAQ,DYAX,2008-05-23,3.66,3.72,3.60,3.63,491700,3.63
NASDAQ,DYAX,2008-05-22,3.65,3.73,3.61,3.69,62600,3.69
NASDAQ,DYAX,2008-05-21,3.80,3.80,3.61,3.67,150200,3.67
NASDAQ,DYAX,2008-05-20,3.77,3.89,3.74,3.80,154600,3.80
NASDAQ,DYAX,2008-05-19,3.88,3.88,3.76,3.80,97000,3.80
NASDAQ,DYAX,2008-05-16,3.83,3.87,3.78,3.87,89000,3.87
NASDAQ,DYAX,2008-05-15,3.91,3.91,3.72,3.82,143100,3.82
NASDAQ,DYAX,2008-05-14,3.81,3.97,3.80,3.88,245000,3.88
NASDAQ,DYAX,2008-05-13,3.87,3.89,3.70,3.75,90500,3.75
NASDAQ,DYAX,2008-05-12,3.75,3.81,3.72,3.79,93900,3.79
NASDAQ,DYAX,2008-05-09,3.61,3.79,3.61,3.77,118900,3.77
NASDAQ,DYAX,2008-05-08,3.64,3.71,3.60,3.60,102500,3.60
NASDAQ,DYAX,2008-05-07,3.67,3.72,3.57,3.61,718300,3.61
NASDAQ,DYAX,2008-05-06,3.65,3.80,3.65,3.70,499400,3.70
NASDAQ,DYAX,2008-05-05,3.84,3.88,3.68,3.69,140800,3.69
NASDAQ,DYAX,2008-05-02,3.89,3.95,3.80,3.87,117400,3.87
NASDAQ,DYAX,2008-05-01,3.99,3.99,3.75,3.89,178300,3.89
NASDAQ,DYAX,2008-04-30,3.93,4.01,3.72,4.01,330700,4.01
NASDAQ,DYAX,2008-04-29,4.00,4.00,3.90,3.97,230800,3.97
NASDAQ,DYAX,2008-04-28,4.00,4.29,3.90,4.03,398100,4.03
NASDAQ,DYAX,2008-04-25,4.07,4.18,4.01,4.06,253000,4.06
NASDAQ,DYAX,2008-04-24,4.17,4.19,3.85,4.09,811100,4.09
NASDAQ,DYAX,2008-04-23,4.21,4.33,4.19,4.20,233000,4.20
NASDAQ,DYAX,2008-04-22,4.36,4.40,4.20,4.30,298400,4.30
NASDAQ,DYAX,2008-04-21,4.41,4.44,4.29,4.43,477900,4.43
NASDAQ,DYAX,2008-04-18,4.90,4.90,4.33,4.40,555700,4.40
NASDAQ,DYAX,2008-04-17,4.74,4.92,4.69,4.88,227900,4.88
NASDAQ,DYAX,2008-04-16,4.66,4.78,4.50,4.74,280700,4.74
NASDAQ,DYAX,2008-04-15,4.95,4.95,4.51,4.67,236900,4.67
NASDAQ,DYAX,2008-04-14,5.04,5.07,4.71,4.91,234500,4.91
NASDAQ,DYAX,2008-04-11,4.95,5.04,4.90,5.01,109800,5.01
NASDAQ,DYAX,2008-04-10,5.01,5.18,5.00,5.01,137100,5.01
NASDAQ,DYAX,2008-04-09,5.10,5.10,4.93,5.04,202200,5.04
NASDAQ,DYAX,2008-04-08,4.95,5.15,4.82,5.08,204200,5.08
NASDAQ,DYAX,2008-04-07,4.96,5.02,4.85,4.96,171000,4.96
NASDAQ,DYAX,2008-04-04,5.10,5.15,4.88,4.98,251700,4.98
NASDAQ,DYAX,2008-04-03,5.00,5.15,4.90,5.13,260900,5.13
NASDAQ,DYAX,2008-04-02,4.68,5.05,4.68,5.00,492000,5.00
NASDAQ,DYAX,2008-04-01,4.71,4.82,4.55,4.71,210000,4.71
NASDAQ,DYAX,2008-03-31,4.74,4.86,4.62,4.71,192200,4.71
NASDAQ,DYAX,2008-03-28,4.88,4.90,4.50,4.77,155800,4.77
NASDAQ,DYAX,2008-03-27,4.86,4.90,4.75,4.85,163300,4.85
NASDAQ,DYAX,2008-03-26,4.75,4.89,4.75,4.83,217900,4.83
NASDAQ,DYAX,2008-03-25,4.50,4.93,4.41,4.75,617700,4.75
NASDAQ,DYAX,2008-03-24,4.33,4.58,4.25,4.53,234600,4.53
NASDAQ,DYAX,2008-03-20,4.34,4.35,4.10,4.35,278200,4.35
NASDAQ,DYAX,2008-03-19,4.25,4.39,4.06,4.38,316900,4.38
NASDAQ,DYAX,2008-03-18,4.36,4.40,4.05,4.25,213600,4.25
NASDAQ,DYAX,2008-03-17,4.41,4.41,4.08,4.30,191400,4.30
NASDAQ,DYAX,2008-03-14,4.60,4.60,4.17,4.49,391600,4.49
NASDAQ,DYAX,2008-03-13,4.38,4.50,4.26,4.49,181400,4.49
NASDAQ,DYAX,2008-03-12,4.40,4.47,4.22,4.39,1063600,4.39
NASDAQ,DYAX,2008-03-11,4.30,4.48,4.16,4.47,1286000,4.47
NASDAQ,DYAX,2008-03-10,4.51,4.51,4.14,4.22,220300,4.22
NASDAQ,DYAX,2008-03-07,4.40,4.58,4.03,4.58,423400,4.58
NASDAQ,DYAX,2008-03-06,4.56,4.64,4.30,4.40,352800,4.40
NASDAQ,DYAX,2008-03-05,4.59,4.67,4.46,4.56,186500,4.56
NASDAQ,DYAX,2008-03-04,4.45,4.64,4.31,4.59,600400,4.59
NASDAQ,DYAX,2008-03-03,4.38,4.51,4.11,4.49,200900,4.49
NASDAQ,DYAX,2008-02-29,4.34,4.47,4.20,4.35,501100,4.35
NASDAQ,DYAX,2008-02-28,4.16,4.56,3.97,4.38,373900,4.38
NASDAQ,DYAX,2008-02-27,4.30,4.34,4.01,4.14,106600,4.14
NASDAQ,DYAX,2008-02-26,4.12,4.50,4.00,4.24,248500,4.24
NASDAQ,DYAX,2008-02-25,3.99,4.08,3.96,4.03,160700,4.03
NASDAQ,DYAX,2008-02-22,4.08,4.09,3.95,4.04,150000,4.04
NASDAQ,DYAX,2008-02-21,4.06,4.09,3.92,4.05,124500,4.05
NASDAQ,DYAX,2008-02-20,4.00,4.05,3.92,3.99,97800,3.99
NASDAQ,DYAX,2008-02-19,3.95,4.10,3.95,4.00,177900,4.00
NASDAQ,DYAX,2008-02-15,4.12,4.12,3.90,3.91,191700,3.91
NASDAQ,DYAX,2008-02-14,4.19,4.19,4.00,4.10,191700,4.10
NASDAQ,DYAX,2008-02-13,4.20,4.30,4.03,4.15,280800,4.15
NASDAQ,DYAX,2008-02-12,3.92,4.58,3.91,4.30,1302700,4.30
NASDAQ,DYAX,2008-02-11,3.38,3.65,3.38,3.56,110400,3.56
NASDAQ,DYAX,2008-02-08,3.45,3.45,3.34,3.35,83300,3.35
NASDAQ,DYAX,2008-02-07,3.49,3.49,3.34,3.42,80500,3.42
NASDAQ,DYAX,2008-02-06,3.41,3.50,3.31,3.46,119900,3.46
NASDAQ,DYAX,2008-02-05,3.45,3.45,3.27,3.37,126500,3.37
NASDAQ,DYAX,2008-02-04,3.44,3.48,3.35,3.44,70600,3.44
NASDAQ,DYAX,2008-02-01,3.41,3.49,3.26,3.47,129000,3.47
NASDAQ,DYAX,2008-01-31,3.29,3.43,3.25,3.37,147600,3.37
NASDAQ,DYAX,2008-01-30,3.40,3.55,3.15,3.33,235000,3.33
NASDAQ,DYAX,2008-01-29,3.43,3.46,3.36,3.44,95400,3.44
NASDAQ,DYAX,2008-01-28,3.47,3.61,3.39,3.39,91200,3.39
NASDAQ,DYAX,2008-01-25,3.51,3.60,3.45,3.50,128700,3.50
NASDAQ,DYAX,2008-01-24,3.65,3.76,3.49,3.53,74600,3.53
NASDAQ,DYAX,2008-01-23,3.43,3.65,3.40,3.61,170000,3.61
NASDAQ,DYAX,2008-01-22,3.38,3.65,3.38,3.53,114600,3.53
NASDAQ,DYAX,2008-01-18,3.51,3.66,3.49,3.64,170100,3.64
NASDAQ,DYAX,2008-01-17,3.48,3.56,3.48,3.53,170500,3.53
NASDAQ,DYAX,2008-01-16,3.55,3.55,3.50,3.51,89600,3.51
NASDAQ,DYAX,2008-01-15,3.61,3.74,3.51,3.59,164400,3.59
NASDAQ,DYAX,2008-01-14,3.60,3.75,3.60,3.65,193600,3.65
NASDAQ,DYAX,2008-01-11,3.57,3.87,3.55,3.61,270500,3.61
NASDAQ,DYAX,2008-01-10,3.48,3.54,3.31,3.47,201400,3.47
NASDAQ,DYAX,2008-01-09,3.55,3.55,3.33,3.39,199100,3.39
NASDAQ,DYAX,2008-01-08,3.55,3.59,3.48,3.54,122400,3.54
NASDAQ,DYAX,2008-01-07,3.51,3.57,3.48,3.52,111100,3.52
NASDAQ,DYAX,2008-01-04,3.57,3.59,3.51,3.55,68000,3.55
NASDAQ,DYAX,2008-01-03,3.51,3.60,3.51,3.58,95500,3.58
NASDAQ,DYAX,2008-01-02,3.63,3.73,3.50,3.61,90600,3.61
NASDAQ,DYAX,2007-12-31,3.60,3.74,3.56,3.66,142400,3.66
NASDAQ,DYAX,2007-12-28,3.45,3.64,3.45,3.59,162100,3.59
NASDAQ,DYAX,2007-12-27,3.68,3.68,3.42,3.47,130100,3.47
NASDAQ,DYAX,2007-12-26,3.63,3.68,3.41,3.68,230300,3.68
NASDAQ,DYAX,2007-12-24,3.77,3.82,3.43,3.73,188800,3.73
NASDAQ,DYAX,2007-12-21,3.77,3.85,3.56,3.80,225400,3.80
NASDAQ,DYAX,2007-12-20,3.74,3.80,3.65,3.80,88600,3.80
NASDAQ,DYAX,2007-12-19,3.81,3.81,3.70,3.72,147000,3.72
NASDAQ,DYAX,2007-12-18,3.90,3.90,3.72,3.78,100300,3.78
NASDAQ,DYAX,2007-12-17,3.76,3.91,3.58,3.89,242800,3.89
NASDAQ,DYAX,2007-12-14,3.72,3.84,3.62,3.74,92700,3.74
NASDAQ,DYAX,2007-12-13,3.86,3.91,3.67,3.75,103300,3.75
NASDAQ,DYAX,2007-12-12,3.97,4.04,3.82,3.89,50300,3.89
NASDAQ,DYAX,2007-12-11,3.97,4.02,3.88,3.90,36100,3.90
NASDAQ,DYAX,2007-12-10,4.05,4.05,3.86,3.94,73000,3.94
NASDAQ,DYAX,2007-12-07,4.19,4.19,4.01,4.06,66300,4.06
NASDAQ,DYAX,2007-12-06,3.92,4.18,3.92,4.18,167900,4.18
NASDAQ,DYAX,2007-12-05,3.76,3.99,3.76,3.95,83400,3.95
NASDAQ,DYAX,2007-12-04,3.90,3.90,3.74,3.79,58800,3.79
NASDAQ,DYAX,2007-12-03,3.87,3.94,3.69,3.89,97900,3.89
NASDAQ,DYAX,2007-11-30,3.96,4.00,3.77,3.80,108700,3.80
NASDAQ,DYAX,2007-11-29,3.70,3.99,3.69,3.99,171800,3.99
NASDAQ,DYAX,2007-11-28,3.59,3.71,3.46,3.69,259100,3.69
NASDAQ,DYAX,2007-11-27,3.70,3.83,3.50,3.56,195800,3.56
NASDAQ,DYAX,2007-11-26,3.56,3.76,3.54,3.76,113300,3.76
NASDAQ,DYAX,2007-11-23,3.60,3.60,3.50,3.53,32700,3.53
NASDAQ,DYAX,2007-11-21,3.70,3.85,3.51,3.54,170200,3.54
NASDAQ,DYAX,2007-11-20,3.80,3.88,3.63,3.70,153600,3.70
NASDAQ,DYAX,2007-11-19,3.93,4.00,3.81,3.85,119600,3.85
NASDAQ,DYAX,2007-11-16,3.93,4.06,3.90,3.96,179200,3.96
NASDAQ,DYAX,2007-11-15,3.90,4.11,3.90,3.90,31200,3.90
NASDAQ,DYAX,2007-11-14,3.87,4.17,3.87,4.04,74400,4.04
NASDAQ,DYAX,2007-11-13,3.82,4.04,3.78,3.90,76700,3.90
NASDAQ,DYAX,2007-11-12,4.06,4.14,3.81,3.82,112500,3.82
NASDAQ,DYAX,2007-11-09,3.98,4.09,3.85,4.09,164600,4.09
NASDAQ,DYAX,2007-11-08,4.12,4.13,3.88,4.00,150200,4.00
NASDAQ,DYAX,2007-11-07,4.20,4.20,3.93,3.96,93000,3.96
NASDAQ,DYAX,2007-11-06,4.19,4.34,4.02,4.21,125100,4.21
NASDAQ,DYAX,2007-11-05,4.36,4.40,4.18,4.21,121500,4.21
NASDAQ,DYAX,2007-11-02,4.22,4.43,4.07,4.33,91700,4.33
NASDAQ,DYAX,2007-11-01,4.33,4.35,4.15,4.19,83500,4.19
NASDAQ,DYAX,2007-10-31,4.34,4.56,4.24,4.31,102300,4.31
NASDAQ,DYAX,2007-10-30,4.59,4.59,4.34,4.37,94400,4.37
NASDAQ,DYAX,2007-10-29,4.50,4.64,4.42,4.56,215600,4.56
NASDAQ,DYAX,2007-10-26,4.20,4.50,4.19,4.47,265200,4.47
NASDAQ,DYAX,2007-10-25,4.00,4.26,3.85,4.23,145200,4.23
NASDAQ,DYAX,2007-10-24,3.91,4.00,3.67,4.00,198700,4.00
NASDAQ,DYAX,2007-10-23,3.94,4.09,3.93,4.03,80300,4.03
NASDAQ,DYAX,2007-10-22,4.20,4.20,4.00,4.04,125100,4.04
NASDAQ,DYAX,2007-10-19,4.27,4.37,4.20,4.22,90200,4.22
NASDAQ,DYAX,2007-10-18,4.38,4.44,4.25,4.30,163800,4.30
NASDAQ,DYAX,2007-10-17,4.34,4.40,4.22,4.34,52200,4.34
NASDAQ,DYAX,2007-10-16,4.27,4.38,4.14,4.36,101100,4.36
NASDAQ,DYAX,2007-10-15,4.38,4.49,4.23,4.31,64300,4.31
NASDAQ,DYAX,2007-10-12,4.27,4.40,4.21,4.35,70700,4.35
NASDAQ,DYAX,2007-10-11,4.32,4.50,4.24,4.24,290800,4.24
NASDAQ,DYAX,2007-10-10,4.20,4.30,4.13,4.29,133500,4.29
NASDAQ,DYAX,2007-10-09,4.00,4.24,4.00,4.20,198600,4.20
NASDAQ,DYAX,2007-10-08,3.85,4.05,3.83,3.97,126100,3.97
NASDAQ,DYAX,2007-10-05,3.76,3.88,3.72,3.87,119200,3.87
NASDAQ,DYAX,2007-10-04,3.87,3.92,3.71,3.73,207400,3.73
NASDAQ,DYAX,2007-10-03,3.60,3.83,3.58,3.74,174000,3.74
NASDAQ,DYAX,2007-10-02,3.50,3.57,3.47,3.51,37600,3.51
NASDAQ,DYAX,2007-10-01,3.57,3.59,3.42,3.51,98600,3.51
NASDAQ,DYAX,2007-09-28,3.55,3.71,3.51,3.60,102900,3.60
NASDAQ,DYAX,2007-09-27,3.55,3.58,3.52,3.58,70200,3.58
NASDAQ,DYAX,2007-09-26,3.62,3.64,3.47,3.52,211300,3.52
NASDAQ,DYAX,2007-09-25,3.71,3.76,3.60,3.65,160200,3.65
NASDAQ,DYAX,2007-09-24,3.76,3.84,3.70,3.74,137600,3.74
NASDAQ,DYAX,2007-09-21,3.80,3.85,3.75,3.75,164200,3.75
NASDAQ,DYAX,2007-09-20,3.82,3.90,3.80,3.83,127800,3.83
NASDAQ,DYAX,2007-09-19,3.86,3.90,3.77,3.85,293300,3.85
NASDAQ,DYAX,2007-09-18,3.94,3.99,3.70,3.88,492200,3.88
NASDAQ,DYAX,2007-09-17,3.97,4.00,3.88,3.96,115100,3.96
NASDAQ,DYAX,2007-09-14,3.88,3.99,3.83,3.97,304500,3.97
NASDAQ,DYAX,2007-09-13,4.00,4.00,3.85,3.89,86100,3.89
NASDAQ,DYAX,2007-09-12,3.96,4.00,3.90,3.98,72000,3.98
NASDAQ,DYAX,2007-09-11,3.98,4.01,3.92,3.96,83300,3.96
NASDAQ,DYAX,2007-09-10,3.96,4.02,3.92,3.95,82600,3.95
NASDAQ,DYAX,2007-09-07,4.00,4.02,3.92,3.93,64000,3.93
NASDAQ,DYAX,2007-09-06,3.95,4.09,3.90,4.03,100400,4.03
NASDAQ,DYAX,2007-09-05,4.07,4.15,3.89,3.94,194400,3.94
NASDAQ,DYAX,2007-09-04,3.86,4.00,3.86,3.99,92100,3.99
NASDAQ,DYAX,2007-08-31,3.94,3.95,3.85,3.89,85800,3.89
NASDAQ,DYAX,2007-08-30,3.95,4.00,3.85,3.90,132300,3.90
NASDAQ,DYAX,2007-08-29,3.98,4.08,3.91,3.95,87000,3.95
NASDAQ,DYAX,2007-08-28,4.02,4.09,3.95,3.99,72200,3.99
NASDAQ,DYAX,2007-08-27,4.00,4.11,3.99,4.06,64200,4.06
NASDAQ,DYAX,2007-08-24,4.11,4.11,3.96,4.03,69900,4.03
NASDAQ,DYAX,2007-08-23,4.05,4.16,4.03,4.13,69000,4.13
NASDAQ,DYAX,2007-08-22,4.04,4.17,4.04,4.07,81100,4.07
NASDAQ,DYAX,2007-08-21,3.95,4.04,3.89,4.00,78700,4.00
NASDAQ,DYAX,2007-08-20,3.92,3.96,3.80,3.96,115200,3.96
NASDAQ,DYAX,2007-08-17,3.99,4.09,3.81,3.88,558800,3.88
NASDAQ,DYAX,2007-08-16,4.03,4.10,3.87,4.02,177300,4.02
NASDAQ,DYAX,2007-08-15,3.92,4.27,3.89,4.06,128200,4.06
NASDAQ,DYAX,2007-08-14,3.95,3.97,3.88,3.95,87200,3.95
NASDAQ,DYAX,2007-08-13,4.15,4.19,3.88,3.91,192700,3.91
NASDAQ,DYAX,2007-08-10,4.44,4.54,4.13,4.19,365600,4.19
NASDAQ,DYAX,2007-08-09,3.95,4.50,3.85,4.50,584000,4.50
NASDAQ,DYAX,2007-08-08,3.50,4.11,3.50,3.97,391400,3.97
NASDAQ,DYAX,2007-08-07,3.71,3.71,3.48,3.51,342500,3.51
NASDAQ,DYAX,2007-08-06,3.69,3.72,3.43,3.71,360400,3.71
NASDAQ,DYAX,2007-08-03,3.73,3.87,3.68,3.71,96500,3.71
NASDAQ,DYAX,2007-08-02,3.70,3.89,3.70,3.76,72000,3.76
NASDAQ,DYAX,2007-08-01,3.91,3.91,3.70,3.74,131000,3.74
NASDAQ,DYAX,2007-07-31,3.80,3.98,3.79,3.88,247800,3.88
NASDAQ,DYAX,2007-07-30,3.74,3.83,3.67,3.72,230300,3.72
NASDAQ,DYAX,2007-07-27,3.84,3.87,3.67,3.77,193900,3.77
NASDAQ,DYAX,2007-07-26,3.71,3.87,3.61,3.87,297300,3.87
NASDAQ,DYAX,2007-07-25,3.82,3.82,3.70,3.78,583000,3.78
NASDAQ,DYAX,2007-07-24,3.75,3.91,3.71,3.88,332500,3.88
NASDAQ,DYAX,2007-07-23,3.76,3.87,3.70,3.75,318700,3.75
NASDAQ,DYAX,2007-07-20,3.91,3.91,3.78,3.78,213000,3.78
NASDAQ,DYAX,2007-07-19,3.90,3.96,3.83,3.91,159200,3.91
NASDAQ,DYAX,2007-07-18,4.00,4.00,3.78,3.92,497100,3.92
NASDAQ,DYAX,2007-07-17,4.02,4.11,3.98,4.05,296600,4.05
NASDAQ,DYAX,2007-07-16,4.07,4.11,3.90,4.00,332700,4.00
NASDAQ,DYAX,2007-07-13,3.88,4.13,3.85,4.10,1801200,4.10
NASDAQ,DYAX,2007-07-12,3.72,3.83,3.61,3.67,276700,3.67
NASDAQ,DYAX,2007-07-11,3.95,3.95,3.71,3.74,194700,3.74
NASDAQ,DYAX,2007-07-10,3.80,3.96,3.80,3.95,229200,3.95
NASDAQ,DYAX,2007-07-09,4.10,4.12,3.80,3.80,465500,3.80
NASDAQ,DYAX,2007-07-06,4.16,4.24,4.12,4.19,118700,4.19
NASDAQ,DYAX,2007-07-05,4.29,4.29,4.14,4.18,134700,4.18
NASDAQ,DYAX,2007-07-03,4.20,4.30,4.17,4.21,60700,4.21
NASDAQ,DYAX,2007-07-02,4.17,4.31,4.17,4.20,157800,4.20
NASDAQ,DYAX,2007-06-29,4.17,4.27,4.12,4.19,214900,4.19
NASDAQ,DYAX,2007-06-28,4.31,4.40,4.17,4.20,139300,4.20
NASDAQ,DYAX,2007-06-27,4.16,4.36,4.14,4.34,126700,4.34
NASDAQ,DYAX,2007-06-26,4.28,4.34,4.15,4.20,211600,4.20
NASDAQ,DYAX,2007-06-25,4.27,4.38,4.26,4.28,123400,4.28
NASDAQ,DYAX,2007-06-22,4.45,4.46,4.29,4.30,186700,4.30
NASDAQ,DYAX,2007-06-21,4.38,4.48,4.33,4.46,199900,4.46
NASDAQ,DYAX,2007-06-20,4.47,4.60,4.28,4.35,274400,4.35
NASDAQ,DYAX,2007-06-19,4.49,4.69,4.44,4.50,309100,4.50
NASDAQ,DYAX,2007-06-18,4.63,4.63,4.42,4.46,195600,4.46
NASDAQ,DYAX,2007-06-15,4.55,4.68,4.50,4.64,137300,4.64
NASDAQ,DYAX,2007-06-14,4.36,4.60,4.36,4.55,125400,4.55
NASDAQ,DYAX,2007-06-13,4.53,4.63,4.39,4.39,245000,4.39
NASDAQ,DYAX,2007-06-12,4.69,4.72,4.47,4.49,247300,4.49
NASDAQ,DYAX,2007-06-11,4.34,4.68,4.34,4.65,298000,4.65
NASDAQ,DYAX,2007-06-08,4.56,4.56,4.26,4.33,240700,4.33
NASDAQ,DYAX,2007-06-07,4.56,4.72,4.46,4.53,228600,4.53
NASDAQ,DYAX,2007-06-06,4.55,4.65,4.38,4.65,257900,4.65
NASDAQ,DYAX,2007-06-05,4.60,4.66,4.52,4.60,114800,4.60
NASDAQ,DYAX,2007-06-04,4.78,4.84,4.50,4.64,329500,4.64
NASDAQ,DYAX,2007-06-01,4.59,4.75,4.59,4.74,347100,4.74
NASDAQ,DYAX,2007-05-31,4.33,4.75,4.32,4.59,674000,4.59
NASDAQ,DYAX,2007-05-30,4.25,4.29,4.20,4.29,219900,4.29
NASDAQ,DYAX,2007-05-29,4.33,4.33,4.23,4.24,167300,4.24
NASDAQ,DYAX,2007-05-25,4.33,4.35,4.27,4.29,97900,4.29
NASDAQ,DYAX,2007-05-24,4.35,4.37,4.28,4.34,122400,4.34
NASDAQ,DYAX,2007-05-23,4.36,4.37,4.27,4.32,156100,4.32
NASDAQ,DYAX,2007-05-22,4.35,4.40,4.25,4.33,231200,4.33
NASDAQ,DYAX,2007-05-21,4.42,4.42,4.26,4.26,220900,4.26
NASDAQ,DYAX,2007-05-18,4.42,4.51,4.38,4.45,215200,4.45
NASDAQ,DYAX,2007-05-17,4.44,4.47,4.39,4.44,141000,4.44
NASDAQ,DYAX,2007-05-16,4.47,4.51,4.37,4.48,232500,4.48
NASDAQ,DYAX,2007-05-15,4.26,4.51,4.25,4.49,418800,4.49
NASDAQ,DYAX,2007-05-14,4.19,4.34,4.19,4.29,169100,4.29
NASDAQ,DYAX,2007-05-11,4.34,4.43,4.23,4.28,234700,4.28
NASDAQ,DYAX,2007-05-10,4.52,4.52,4.20,4.30,598400,4.30
NASDAQ,DYAX,2007-05-09,4.66,4.66,4.43,4.51,496600,4.51
NASDAQ,DYAX,2007-05-08,4.80,4.80,4.65,4.71,340100,4.71
NASDAQ,DYAX,2007-05-07,4.60,4.87,4.56,4.79,975500,4.79
NASDAQ,DYAX,2007-05-04,4.39,4.72,4.37,4.63,671100,4.63
NASDAQ,DYAX,2007-05-03,4.60,4.71,4.50,4.67,486800,4.67
NASDAQ,DYAX,2007-05-02,4.51,4.61,4.47,4.56,392800,4.56
NASDAQ,DYAX,2007-05-01,4.57,4.59,4.32,4.49,558900,4.49
NASDAQ,DYAX,2007-04-30,4.70,4.79,4.55,4.60,828300,4.60
NASDAQ,DYAX,2007-04-27,4.48,4.74,4.43,4.70,894700,4.70
NASDAQ,DYAX,2007-04-26,4.63,4.76,4.49,4.52,1126000,4.52
NASDAQ,DYAX,2007-04-25,4.73,4.91,4.65,4.72,1304600,4.72
NASDAQ,DYAX,2007-04-24,5.08,5.15,4.85,4.91,1393100,4.91
NASDAQ,DYAX,2007-04-23,4.95,5.24,4.95,5.08,1649000,5.08
NASDAQ,DYAX,2007-04-20,5.00,5.05,4.81,4.95,1383000,4.95
NASDAQ,DYAX,2007-04-19,4.95,5.15,4.90,4.98,1907500,4.98
NASDAQ,DYAX,2007-04-18,5.27,5.43,5.03,5.08,3102400,5.08
NASDAQ,DYAX,2007-04-17,5.60,5.83,5.25,5.35,4306400,5.35
NASDAQ,DYAX,2007-04-16,6.19,6.23,5.38,5.65,9529300,5.65
NASDAQ,DYAX,2007-04-13,6.20,6.95,5.76,5.97,46689500,5.97
NASDAQ,DYAX,2007-04-12,4.02,4.12,3.96,4.00,1421600,4.00
NASDAQ,DYAX,2007-04-11,4.18,4.24,3.95,4.00,328700,4.00
NASDAQ,DYAX,2007-04-10,4.32,4.47,4.15,4.18,260200,4.18
NASDAQ,DYAX,2007-04-09,4.40,4.44,4.25,4.35,144500,4.35
NASDAQ,DYAX,2007-04-05,4.25,4.50,4.25,4.37,177500,4.37
NASDAQ,DYAX,2007-04-04,4.36,4.36,4.23,4.27,92100,4.27
NASDAQ,DYAX,2007-04-03,4.25,4.35,4.19,4.31,230600,4.31
NASDAQ,DYAX,2007-04-02,4.09,4.22,4.04,4.16,126200,4.16
NASDAQ,DYAX,2007-03-30,4.03,4.13,3.86,4.12,152300,4.12
NASDAQ,DYAX,2007-03-29,3.98,4.03,3.92,4.00,262400,4.00
NASDAQ,DYAX,2007-03-28,3.95,4.08,3.80,3.95,246000,3.95
NASDAQ,DYAX,2007-03-27,4.02,4.14,3.95,3.96,295100,3.96
NASDAQ,DYAX,2007-03-26,3.95,4.05,3.91,4.05,124300,4.05
NASDAQ,DYAX,2007-03-23,3.85,3.95,3.75,3.92,107300,3.92
NASDAQ,DYAX,2007-03-22,3.75,3.94,3.70,3.89,212000,3.89
NASDAQ,DYAX,2007-03-21,3.47,3.71,3.44,3.68,76800,3.68
NASDAQ,DYAX,2007-03-20,3.60,3.60,3.50,3.51,75500,3.51
NASDAQ,DYAX,2007-03-19,3.53,3.66,3.37,3.58,92000,3.58
NASDAQ,DYAX,2007-03-16,3.63,3.72,3.50,3.54,113200,3.54
NASDAQ,DYAX,2007-03-15,3.56,3.74,3.56,3.60,141300,3.60
NASDAQ,DYAX,2007-03-14,3.79,3.80,3.34,3.51,380200,3.51
NASDAQ,DYAX,2007-03-13,4.11,4.11,3.79,3.82,110200,3.82
NASDAQ,DYAX,2007-03-12,4.05,4.05,3.86,4.01,149600,4.01
NASDAQ,DYAX,2007-03-09,3.79,4.05,3.72,4.02,215700,4.02
NASDAQ,DYAX,2007-03-08,3.81,3.90,3.75,3.79,281200,3.79
NASDAQ,DYAX,2007-03-07,3.58,3.78,3.51,3.78,182000,3.78
NASDAQ,DYAX,2007-03-06,3.55,3.60,3.50,3.55,109100,3.55
NASDAQ,DYAX,2007-03-05,3.55,3.60,3.50,3.58,130800,3.58
NASDAQ,DYAX,2007-03-02,3.61,3.73,3.53,3.58,202400,3.58
NASDAQ,DYAX,2007-03-01,3.81,3.84,3.55,3.58,310200,3.58
NASDAQ,DYAX,2007-02-28,3.71,4.00,3.71,3.84,254800,3.84
NASDAQ,DYAX,2007-02-27,3.66,4.04,3.59,3.70,302500,3.70
NASDAQ,DYAX,2007-02-26,3.81,3.86,3.25,3.75,242500,3.75
NASDAQ,DYAX,2007-02-23,3.66,3.95,3.58,3.84,420500,3.84
NASDAQ,DYAX,2007-02-22,3.80,4.13,3.63,3.65,396400,3.65
NASDAQ,DYAX,2007-02-21,3.60,4.33,3.27,4.25,1367000,4.25
NASDAQ,DYAX,2007-02-20,4.65,4.69,4.26,4.33,298900,4.33
NASDAQ,DYAX,2007-02-16,4.51,4.69,4.49,4.63,433700,4.63
NASDAQ,DYAX,2007-02-15,3.98,4.59,3.88,4.55,493900,4.55
NASDAQ,DYAX,2007-02-14,3.83,4.01,3.79,3.97,358900,3.97
NASDAQ,DYAX,2007-02-13,3.64,3.90,3.61,3.90,584400,3.90
NASDAQ,DYAX,2007-02-12,3.50,3.70,3.43,3.65,278300,3.65
NASDAQ,DYAX,2007-02-09,3.40,3.50,3.35,3.45,125700,3.45
NASDAQ,DYAX,2007-02-08,3.37,3.42,3.30,3.37,93500,3.37
NASDAQ,DYAX,2007-02-07,3.03,3.35,3.03,3.34,500800,3.34
NASDAQ,DYAX,2007-02-06,3.24,3.28,2.99,3.05,642300,3.05
NASDAQ,DYAX,2007-02-05,3.25,3.31,3.23,3.25,242200,3.25
NASDAQ,DYAX,2007-02-02,3.48,3.50,3.20,3.31,178700,3.31
NASDAQ,DYAX,2007-02-01,3.43,3.55,3.30,3.48,133300,3.48
NASDAQ,DYAX,2007-01-31,3.60,3.60,3.42,3.46,72300,3.46
NASDAQ,DYAX,2007-01-30,3.52,3.60,3.48,3.60,108500,3.60
NASDAQ,DYAX,2007-01-29,3.51,3.60,3.40,3.53,123400,3.53
NASDAQ,DYAX,2007-01-26,3.46,3.49,3.38,3.48,98500,3.48
NASDAQ,DYAX,2007-01-25,3.40,3.50,3.40,3.45,87700,3.45
NASDAQ,DYAX,2007-01-24,3.36,3.47,3.36,3.43,112000,3.43
NASDAQ,DYAX,2007-01-23,3.41,3.48,3.30,3.38,207500,3.38
NASDAQ,DYAX,2007-01-22,3.28,3.58,3.24,3.41,386800,3.41
NASDAQ,DYAX,2007-01-19,3.22,3.44,3.19,3.31,271600,3.31
NASDAQ,DYAX,2007-01-18,3.20,3.22,3.13,3.20,553400,3.20
NASDAQ,DYAX,2007-01-17,3.16,3.20,3.14,3.17,55400,3.17
NASDAQ,DYAX,2007-01-16,3.22,3.24,3.13,3.17,68600,3.17
NASDAQ,DYAX,2007-01-12,3.16,3.20,3.07,3.19,56800,3.19
NASDAQ,DYAX,2007-01-11,3.10,3.21,3.05,3.16,109200,3.16
NASDAQ,DYAX,2007-01-10,2.95,3.15,2.95,3.13,71400,3.13
NASDAQ,DYAX,2007-01-09,3.13,3.18,2.92,2.93,80300,2.93
NASDAQ,DYAX,2007-01-08,3.14,3.15,3.03,3.09,116900,3.09
NASDAQ,DYAX,2007-01-05,3.02,3.13,2.99,3.10,87700,3.10
NASDAQ,DYAX,2007-01-04,2.99,3.03,2.90,3.03,129700,3.03
NASDAQ,DYAX,2007-01-03,3.00,3.02,2.88,3.00,371200,3.00
NASDAQ,DYAX,2006-12-29,2.95,3.05,2.90,3.03,212700,3.03
NASDAQ,DYAX,2006-12-28,2.96,2.98,2.89,2.98,146500,2.98
NASDAQ,DYAX,2006-12-27,2.89,3.00,2.88,2.96,76400,2.96
NASDAQ,DYAX,2006-12-26,3.01,3.01,2.85,2.91,117900,2.91
NASDAQ,DYAX,2006-12-22,2.99,3.01,2.90,2.99,102300,2.99
NASDAQ,DYAX,2006-12-21,3.03,3.07,2.95,2.96,126300,2.96
NASDAQ,DYAX,2006-12-20,3.05,3.07,3.04,3.05,127500,3.05
NASDAQ,DYAX,2006-12-19,3.05,3.10,3.03,3.08,266800,3.08
NASDAQ,DYAX,2006-12-18,3.04,3.09,3.00,3.07,244000,3.07
NASDAQ,DYAX,2006-12-15,3.06,3.15,3.03,3.04,32700,3.04
NASDAQ,DYAX,2006-12-14,3.05,3.08,3.03,3.03,61800,3.03
NASDAQ,DYAX,2006-12-13,3.04,3.08,3.00,3.03,86300,3.03
NASDAQ,DYAX,2006-12-12,3.10,3.20,3.01,3.03,86000,3.03
NASDAQ,DYAX,2006-12-11,3.24,3.33,3.10,3.12,170300,3.12
NASDAQ,DYAX,2006-12-08,3.23,3.24,3.19,3.24,58400,3.24
NASDAQ,DYAX,2006-12-07,3.18,3.27,3.18,3.22,104100,3.22
NASDAQ,DYAX,2006-12-06,3.17,3.29,3.16,3.20,189800,3.20
NASDAQ,DYAX,2006-12-05,3.13,3.20,3.10,3.10,92500,3.10
NASDAQ,DYAX,2006-12-04,3.16,3.18,3.10,3.11,124000,3.11
NASDAQ,DYAX,2006-12-01,3.21,3.23,3.15,3.16,104300,3.16
NASDAQ,DYAX,2006-11-30,3.18,3.23,3.10,3.18,156200,3.18
NASDAQ,DYAX,2006-11-29,3.12,3.19,3.09,3.13,145500,3.13
NASDAQ,DYAX,2006-11-28,3.14,3.16,2.99,3.09,152500,3.09
NASDAQ,DYAX,2006-11-27,3.13,3.22,3.10,3.15,135800,3.15
NASDAQ,DYAX,2006-11-24,3.05,3.21,3.05,3.19,109100,3.19
NASDAQ,DYAX,2006-11-22,3.27,3.65,2.90,3.09,3057000,3.09
NASDAQ,DYAX,2006-11-21,3.17,3.29,3.00,3.29,1539500,3.29
NASDAQ,DYAX,2006-11-20,3.00,3.03,2.96,3.03,222000,3.03
NASDAQ,DYAX,2006-11-17,2.97,3.02,2.92,3.02,221800,3.02
NASDAQ,DYAX,2006-11-16,3.03,3.03,2.95,3.00,556600,3.00
NASDAQ,DYAX,2006-11-15,2.98,3.03,2.92,3.01,230300,3.01
NASDAQ,DYAX,2006-11-14,3.08,3.10,2.93,3.00,113600,3.00
NASDAQ,DYAX,2006-11-13,3.08,3.10,2.95,3.06,135500,3.06
NASDAQ,DYAX,2006-11-10,3.00,3.09,2.98,3.06,42900,3.06
NASDAQ,DYAX,2006-11-09,3.08,3.10,3.02,3.02,95900,3.02
NASDAQ,DYAX,2006-11-08,3.20,3.20,2.99,3.08,531000,3.08
NASDAQ,DYAX,2006-11-07,3.17,3.24,3.10,3.13,415200,3.13
NASDAQ,DYAX,2006-11-06,3.14,3.27,3.10,3.20,94800,3.20
NASDAQ,DYAX,2006-11-03,3.01,3.27,2.99,3.14,188900,3.14
NASDAQ,DYAX,2006-11-02,3.06,3.14,3.02,3.03,47600,3.03
NASDAQ,DYAX,2006-11-01,3.05,3.13,3.00,3.03,130600,3.03
NASDAQ,DYAX,2006-10-31,2.97,3.10,2.95,3.02,143900,3.02
NASDAQ,DYAX,2006-10-30,3.00,3.06,2.95,3.00,44000,3.00
NASDAQ,DYAX,2006-10-27,2.99,3.12,2.93,3.02,212200,3.02
NASDAQ,DYAX,2006-10-26,2.96,3.05,2.94,2.97,128000,2.97
NASDAQ,DYAX,2006-10-25,3.19,3.25,2.90,2.93,329900,2.93
NASDAQ,DYAX,2006-10-24,3.19,3.25,3.10,3.22,96400,3.22
NASDAQ,DYAX,2006-10-23,3.26,3.30,3.22,3.24,59700,3.24
NASDAQ,DYAX,2006-10-20,3.18,3.33,3.16,3.30,66400,3.30
NASDAQ,DYAX,2006-10-19,3.22,3.36,3.15,3.21,113700,3.21
NASDAQ,DYAX,2006-10-18,3.25,3.30,3.13,3.20,118800,3.20
NASDAQ,DYAX,2006-10-17,3.30,3.32,3.10,3.18,141300,3.18
NASDAQ,DYAX,2006-10-16,3.28,3.33,3.20,3.27,127300,3.27
NASDAQ,DYAX,2006-10-13,3.25,3.33,3.20,3.30,138800,3.30
NASDAQ,DYAX,2006-10-12,3.22,3.35,3.16,3.28,75100,3.28
NASDAQ,DYAX,2006-10-11,3.30,3.38,3.18,3.19,139300,3.19
NASDAQ,DYAX,2006-10-10,3.28,3.40,3.18,3.23,215300,3.23
NASDAQ,DYAX,2006-10-09,3.20,3.30,3.20,3.25,389600,3.25
NASDAQ,DYAX,2006-10-06,3.30,3.33,3.15,3.20,130800,3.20
NASDAQ,DYAX,2006-10-05,3.28,3.31,3.20,3.27,130700,3.27
NASDAQ,DYAX,2006-10-04,3.18,3.33,3.18,3.25,53700,3.25
NASDAQ,DYAX,2006-10-03,3.30,3.31,3.15,3.21,60900,3.21
NASDAQ,DYAX,2006-10-02,3.30,3.35,3.30,3.34,48600,3.34
NASDAQ,DYAX,2006-09-29,3.16,3.35,3.14,3.33,137800,3.33
NASDAQ,DYAX,2006-09-28,3.26,3.29,3.10,3.11,98100,3.11
NASDAQ,DYAX,2006-09-27,3.40,3.40,3.25,3.29,119000,3.29
NASDAQ,DYAX,2006-09-26,3.35,3.45,3.35,3.39,69200,3.39
NASDAQ,DYAX,2006-09-25,3.49,3.49,3.34,3.36,113600,3.36
NASDAQ,DYAX,2006-09-22,3.24,3.59,3.15,3.40,599200,3.40
NASDAQ,DYAX,2006-09-21,2.83,3.00,2.81,2.87,136800,2.87
NASDAQ,DYAX,2006-09-20,2.93,2.99,2.83,2.84,52000,2.84
NASDAQ,DYAX,2006-09-19,2.93,2.99,2.86,2.90,35400,2.90
NASDAQ,DYAX,2006-09-18,3.04,3.04,2.87,2.90,58900,2.90
NASDAQ,DYAX,2006-09-15,3.01,3.15,2.93,3.04,229000,3.04
NASDAQ,DYAX,2006-09-14,2.83,3.04,2.78,3.04,162900,3.04
NASDAQ,DYAX,2006-09-13,2.93,2.98,2.76,2.86,136000,2.86
NASDAQ,DYAX,2006-09-12,2.92,2.97,2.88,2.96,19100,2.96
NASDAQ,DYAX,2006-09-11,2.98,3.01,2.88,2.95,60300,2.95
NASDAQ,DYAX,2006-09-08,3.02,3.04,2.95,3.01,23800,3.01
NASDAQ,DYAX,2006-09-07,3.05,3.11,2.96,3.05,97900,3.05
NASDAQ,DYAX,2006-09-06,3.15,3.21,3.06,3.10,69800,3.10
NASDAQ,DYAX,2006-09-05,3.20,3.25,3.08,3.21,75700,3.21
NASDAQ,DYAX,2006-09-01,3.54,3.54,2.94,3.24,278500,3.24
NASDAQ,DYAX,2006-08-31,3.54,3.62,3.48,3.57,126200,3.57
NASDAQ,DYAX,2006-08-30,3.27,3.63,3.25,3.51,185800,3.51
NASDAQ,DYAX,2006-08-29,3.34,3.46,3.11,3.24,98400,3.24
NASDAQ,DYAX,2006-08-28,3.40,3.49,3.22,3.31,204100,3.31
NASDAQ,DYAX,2006-08-25,3.00,3.57,2.95,3.32,330900,3.32
NASDAQ,DYAX,2006-08-24,2.80,2.85,2.79,2.84,27600,2.84
NASDAQ,DYAX,2006-08-23,2.77,2.84,2.75,2.77,18600,2.77
NASDAQ,DYAX,2006-08-22,2.79,2.84,2.75,2.80,9300,2.80
NASDAQ,DYAX,2006-08-21,2.87,2.90,2.75,2.77,45600,2.77
NASDAQ,DYAX,2006-08-18,2.77,2.87,2.75,2.87,74100,2.87
NASDAQ,DYAX,2006-08-17,2.83,2.87,2.66,2.83,55300,2.83
NASDAQ,DYAX,2006-08-16,2.74,2.83,2.64,2.82,80700,2.82
NASDAQ,DYAX,2006-08-15,2.82,2.85,2.73,2.74,77900,2.74
NASDAQ,DYAX,2006-08-14,2.81,2.81,2.72,2.80,21200,2.80
NASDAQ,DYAX,2006-08-11,2.80,2.86,2.65,2.75,35000,2.75
NASDAQ,DYAX,2006-08-10,2.75,2.77,2.64,2.75,24800,2.75
NASDAQ,DYAX,2006-08-09,2.70,2.80,2.64,2.73,119600,2.73
NASDAQ,DYAX,2006-08-08,2.87,2.89,2.66,2.68,51500,2.68
NASDAQ,DYAX,2006-08-07,2.91,2.91,2.70,2.85,74800,2.85
NASDAQ,DYAX,2006-08-04,3.06,3.24,2.87,2.89,48100,2.89
NASDAQ,DYAX,2006-08-03,3.18,3.21,3.02,3.05,45200,3.05
NASDAQ,DYAX,2006-08-02,3.17,3.23,3.17,3.22,33500,3.22
NASDAQ,DYAX,2006-08-01,3.11,3.25,3.11,3.21,90300,3.21
NASDAQ,DYAX,2006-07-31,3.22,3.30,3.11,3.14,86300,3.14
NASDAQ,DYAX,2006-07-28,3.16,3.19,3.06,3.15,99800,3.15
NASDAQ,DYAX,2006-07-27,3.05,3.20,3.03,3.11,179900,3.11
NASDAQ,DYAX,2006-07-26,3.09,3.10,2.87,3.00,174600,3.00
NASDAQ,DYAX,2006-07-25,2.91,3.24,2.85,3.03,250500,3.03
NASDAQ,DYAX,2006-07-24,2.96,3.05,2.84,2.89,155200,2.89
NASDAQ,DYAX,2006-07-21,2.98,2.98,2.88,2.95,195100,2.95
NASDAQ,DYAX,2006-07-20,3.00,3.05,2.90,2.96,197100,2.96
NASDAQ,DYAX,2006-07-19,2.85,2.98,2.76,2.98,81900,2.98
NASDAQ,DYAX,2006-07-18,2.81,2.89,2.74,2.88,174200,2.88
NASDAQ,DYAX,2006-07-17,2.73,2.91,2.72,2.76,127500,2.76
NASDAQ,DYAX,2006-07-14,2.74,2.74,2.63,2.73,81800,2.73
NASDAQ,DYAX,2006-07-13,2.75,2.76,2.67,2.76,51300,2.76
NASDAQ,DYAX,2006-07-12,2.80,3.01,2.73,2.75,40000,2.75
NASDAQ,DYAX,2006-07-11,2.70,2.79,2.65,2.79,73300,2.79
NASDAQ,DYAX,2006-07-10,2.89,2.90,2.71,2.74,122900,2.74
NASDAQ,DYAX,2006-07-07,2.97,2.97,2.83,2.85,177300,2.85
NASDAQ,DYAX,2006-07-06,2.97,3.11,2.92,2.96,94100,2.96
NASDAQ,DYAX,2006-07-05,2.84,3.05,2.73,3.04,255800,3.04
NASDAQ,DYAX,2006-07-03,2.90,2.99,2.79,2.85,102600,2.85
NASDAQ,DYAX,2006-06-30,2.98,3.15,2.94,2.94,306800,2.94
NASDAQ,DYAX,2006-06-29,2.78,3.00,2.78,2.96,178100,2.96
NASDAQ,DYAX,2006-06-28,2.76,2.78,2.63,2.76,189100,2.76
NASDAQ,DYAX,2006-06-27,2.84,2.84,2.73,2.73,210300,2.73
NASDAQ,DYAX,2006-06-26,2.92,2.93,2.81,2.84,92900,2.84
NASDAQ,DYAX,2006-06-23,2.86,2.92,2.85,2.89,64900,2.89
NASDAQ,DYAX,2006-06-22,2.90,2.92,2.84,2.86,73100,2.86
NASDAQ,DYAX,2006-06-21,2.94,2.96,2.88,2.88,140800,2.88
NASDAQ,DYAX,2006-06-20,3.02,3.03,2.92,2.93,83700,2.93
NASDAQ,DYAX,2006-06-19,2.99,3.01,2.91,2.96,49900,2.96
NASDAQ,DYAX,2006-06-16,2.87,3.06,2.85,2.95,164700,2.95
NASDAQ,DYAX,2006-06-15,2.96,3.08,2.86,2.90,167500,2.90
NASDAQ,DYAX,2006-06-14,3.13,3.17,2.90,2.97,96000,2.97
NASDAQ,DYAX,2006-06-13,3.04,3.22,3.00,3.09,141500,3.09
NASDAQ,DYAX,2006-06-12,3.36,3.40,3.00,3.04,169400,3.04
NASDAQ,DYAX,2006-06-09,3.51,3.64,3.30,3.32,120900,3.32
NASDAQ,DYAX,2006-06-08,3.53,3.64,3.49,3.52,97700,3.52
NASDAQ,DYAX,2006-06-07,3.58,3.64,3.48,3.58,94500,3.58
NASDAQ,DYAX,2006-06-06,3.48,3.56,3.43,3.52,115400,3.52
NASDAQ,DYAX,2006-06-05,3.52,3.56,3.47,3.48,146600,3.48
NASDAQ,DYAX,2006-06-02,3.59,3.67,3.48,3.57,73700,3.57
NASDAQ,DYAX,2006-06-01,3.79,3.79,3.58,3.58,68400,3.58
NASDAQ,DYAX,2006-05-31,3.86,3.88,3.67,3.75,85300,3.75
NASDAQ,DYAX,2006-05-30,3.60,3.87,3.56,3.86,143800,3.86
NASDAQ,DYAX,2006-05-26,3.67,3.76,3.62,3.63,96900,3.63
NASDAQ,DYAX,2006-05-25,3.50,3.75,3.49,3.67,157900,3.67
NASDAQ,DYAX,2006-05-24,3.50,3.61,3.35,3.50,143300,3.50
NASDAQ,DYAX,2006-05-23,3.55,3.64,3.47,3.51,363200,3.51
NASDAQ,DYAX,2006-05-22,3.34,3.56,3.20,3.50,268600,3.50
NASDAQ,DYAX,2006-05-19,3.14,3.39,3.14,3.32,334600,3.32
NASDAQ,DYAX,2006-05-18,3.01,3.25,3.00,3.12,288900,3.12
NASDAQ,DYAX,2006-05-17,2.91,3.25,2.89,2.97,413800,2.97
NASDAQ,DYAX,2006-05-16,3.13,3.26,2.75,2.90,2237400,2.90
NASDAQ,DYAX,2006-05-15,3.64,3.68,3.44,3.47,247900,3.47
NASDAQ,DYAX,2006-05-12,3.61,3.74,3.51,3.60,202700,3.60
NASDAQ,DYAX,2006-05-11,4.00,4.00,3.51,3.59,369600,3.59
NASDAQ,DYAX,2006-05-10,3.84,4.02,3.78,3.80,128900,3.80
NASDAQ,DYAX,2006-05-09,4.07,4.07,3.81,3.83,195100,3.83
NASDAQ,DYAX,2006-05-08,4.24,4.27,3.99,4.04,174800,4.04
NASDAQ,DYAX,2006-05-05,4.04,4.20,3.93,4.18,735100,4.18
NASDAQ,DYAX,2006-05-04,4.04,4.20,3.92,3.98,244800,3.98
NASDAQ,DYAX,2006-05-03,4.20,4.22,4.00,4.07,338200,4.07
NASDAQ,DYAX,2006-05-02,4.46,4.46,4.16,4.18,217700,4.18
NASDAQ,DYAX,2006-05-01,4.54,4.54,4.34,4.43,110100,4.43
NASDAQ,DYAX,2006-04-28,4.61,4.67,4.36,4.50,213800,4.50
NASDAQ,DYAX,2006-04-27,4.66,4.80,4.55,4.60,296700,4.60
NASDAQ,DYAX,2006-04-26,4.52,4.69,4.46,4.63,209700,4.63
NASDAQ,DYAX,2006-04-25,4.64,4.68,4.50,4.52,105700,4.52
NASDAQ,DYAX,2006-04-24,4.80,4.80,4.50,4.63,186000,4.63
NASDAQ,DYAX,2006-04-21,4.74,4.82,4.74,4.74,85300,4.74
NASDAQ,DYAX,2006-04-20,4.94,4.94,4.74,4.74,97600,4.74
NASDAQ,DYAX,2006-04-19,4.80,4.89,4.78,4.85,130500,4.85
NASDAQ,DYAX,2006-04-18,4.83,4.90,4.80,4.80,102900,4.80
NASDAQ,DYAX,2006-04-17,4.92,5.00,4.78,4.83,269100,4.83
NASDAQ,DYAX,2006-04-13,4.92,5.09,4.87,5.07,108800,5.07
NASDAQ,DYAX,2006-04-12,4.94,5.06,4.79,4.90,118400,4.90
NASDAQ,DYAX,2006-04-11,5.18,5.21,4.72,4.94,337300,4.94
NASDAQ,DYAX,2006-04-10,5.18,5.23,5.04,5.21,160000,5.21
NASDAQ,DYAX,2006-04-07,5.26,5.35,5.02,5.17,459200,5.17
NASDAQ,DYAX,2006-04-06,5.38,5.38,5.18,5.23,329500,5.23
NASDAQ,DYAX,2006-04-05,5.50,5.53,5.26,5.35,474700,5.35
NASDAQ,DYAX,2006-04-04,5.60,5.75,5.39,5.55,262100,5.55
NASDAQ,DYAX,2006-04-03,5.80,5.87,5.65,5.65,141700,5.65
NASDAQ,DYAX,2006-03-31,5.58,5.94,5.55,5.80,351900,5.80
NASDAQ,DYAX,2006-03-30,5.53,5.60,5.50,5.57,330000,5.57
NASDAQ,DYAX,2006-03-29,5.54,5.65,5.50,5.53,177700,5.53
NASDAQ,DYAX,2006-03-28,5.53,5.65,5.50,5.53,82100,5.53
NASDAQ,DYAX,2006-03-27,5.53,5.62,5.49,5.61,171500,5.61
NASDAQ,DYAX,2006-03-24,5.59,5.59,5.46,5.50,130300,5.50
NASDAQ,DYAX,2006-03-23,5.59,5.59,5.45,5.59,164700,5.59
NASDAQ,DYAX,2006-03-22,5.50,5.60,5.45,5.60,140100,5.60
NASDAQ,DYAX,2006-03-21,5.50,5.61,5.49,5.51,167300,5.51
NASDAQ,DYAX,2006-03-20,5.58,5.58,5.48,5.54,201700,5.54
NASDAQ,DYAX,2006-03-17,5.51,5.60,5.49,5.52,162000,5.52
NASDAQ,DYAX,2006-03-16,5.59,5.60,5.49,5.52,123100,5.52
NASDAQ,DYAX,2006-03-15,5.62,5.63,5.55,5.59,240200,5.59
NASDAQ,DYAX,2006-03-14,5.55,5.68,5.55,5.62,256500,5.62
NASDAQ,DYAX,2006-03-13,5.51,5.55,5.42,5.52,278700,5.52
NASDAQ,DYAX,2006-03-10,5.60,5.61,5.48,5.52,156000,5.52
NASDAQ,DYAX,2006-03-09,5.59,5.71,4.91,5.58,1792100,5.58
NASDAQ,DYAX,2006-03-08,6.24,6.28,6.15,6.20,282000,6.20
NASDAQ,DYAX,2006-03-07,6.27,6.28,6.16,6.27,166100,6.27
NASDAQ,DYAX,2006-03-06,6.20,6.38,6.15,6.26,457000,6.26
NASDAQ,DYAX,2006-03-03,6.12,6.19,5.75,6.11,177400,6.11
NASDAQ,DYAX,2006-03-02,6.22,6.22,6.05,6.18,200400,6.18
NASDAQ,DYAX,2006-03-01,6.04,6.33,5.87,6.22,258700,6.22
NASDAQ,DYAX,2006-02-28,5.86,6.00,5.80,6.00,280500,6.00
NASDAQ,DYAX,2006-02-27,5.57,5.85,5.57,5.83,250700,5.83
NASDAQ,DYAX,2006-02-24,5.41,5.65,5.38,5.56,106700,5.56
NASDAQ,DYAX,2006-02-23,5.50,5.50,5.38,5.44,162100,5.44
NASDAQ,DYAX,2006-02-22,5.70,5.77,5.39,5.56,201700,5.56
NASDAQ,DYAX,2006-02-21,5.75,5.75,5.60,5.70,142000,5.70
NASDAQ,DYAX,2006-02-17,5.60,5.70,5.52,5.69,211600,5.69
